i,lang,gold,title,flat_pred,flat_risk_score,two_stage_pred,two_stage_risk_score
0,en,OTHER,"Supply chain 2030: AI-driven, adaptive operations",OTHER,0.1549,OTHER,0.0799
1,en,OTHER,From Intent to Impact: How Supply Chain Leaders Are Driving Transformation,OTHER,0.4423,OTHER,0.278
2,ko,OTHER,"[기획]車업계 공급망·기술력, 에너지·방산 신시장 경쟁력으로",OTHER,0.177,OTHER,0.074
3,ko,GEOPOLITICAL,"한중, 경제공동위 열어 ""희토류 등 공급망 관리 필요성 확인""",OTHER,0.5119,OTHER,0.4877
4,ko,SUPPLIER,외신들 “세계 반도체 공급망 위기 면했다”,LABOR,0.7439,LABOR,0.6885
5,en,OTHER,Mount St. Mary’s University announces new Bachelor of Science in Supply Chain Management,OTHER,0.0807,OTHER,0.0373
6,en,OTHER,Supply chain attack on eScan antivirus: detecting and remediating malicious updates,OTHER,0.0551,OTHER,0.0169
7,en,OTHER,AI Coding Agents Could Fuel Next Supply Chain Crisis,OTHER,0.5246,OTHER,0.3883
8,ko,OTHER,"경남도, 미국 원전시장 공략 본격화…도내 기업 공급망 진입 지원 총력",OTHER,0.2583,OTHER,0.1311
9,en,GEOPOLITICAL,More Than an Energy Crisis: Disruptions in the Strait of Hormuz Underscore the Fragility of Modern Supply Chains,GEOPOLITICAL,0.9716,GEOPOLITICAL,0.9525
10,en,OTHER,This Week's Top Five Stories in Procurement,OTHER,0.1412,OTHER,0.0637
11,ko,LABOR,AI경쟁 속 총파업 볼모…“공급망 리스크 키워”,GEOPOLITICAL,0.6216,GEOPOLITICAL,0.5705
12,ko,GEOPOLITICAL,"중동발 위기, 기업의 비용을 흔든다: 공급망 리스크와 대응 전략",GEOPOLITICAL,0.7242,GEOPOLITICAL,0.6669
13,en,OTHER,"Meter Partners: New $100M Fund, Supply Chain Crisis Is ‘Perfect Storm’ To Drive Network-As-A-Service Sales Growth",OTHER,0.7328,SUPPLIER,0.6459
14,ko,OTHER,﻿﻿﻿[AI로 읽는 경제] ⑥ 한국 제조업 공급망 리스크 지도…8개 업종 점수로 매겼다,LABOR,0.7978,OTHER,0.4471
15,en,OTHER,Kennesaw State student team wins national supply chain competition,OTHER,0.2119,OTHER,0.1198
16,en,OTHER,Supply Chain News Roundup: AI and Automation Will Change Disruption Management,OTHER,0.0773,OTHER,0.0289
17,en,GEOPOLITICAL,"Iran crisis hampering aid to refugees as supply chain costs soar, UN warns - Al-Monitor",GEOPOLITICAL,0.9132,GEOPOLITICAL,0.9259
18,en,OTHER,The university must not become a supply chain for AI,OTHER,0.0762,OTHER,0.0288
19,ko,GEOPOLITICAL,중동전 뒤의 공급망…MTN '글로벌이슈 2026' 통해 진단,GEOPOLITICAL,0.6363,GEOPOLITICAL,0.571
20,en,GEOPOLITICAL,Q&A: the oil supply chain from the Middle East,GEOPOLITICAL,0.8913,GEOPOLITICAL,0.8723
21,ko,LABOR,"""삼성 멈추나""…파업 리스크에 글로벌 공급망 긴장",LABOR,0.8997,LABOR,0.8623
22,en,OTHER,The Fatal Flaw In Pharma's Multi-Million Supply Chain Tech Upgrades,OTHER,0.1588,OTHER,0.078
23,ko,OTHER,베트남 하이퐁시 ‘스마트·그린 산단’ 전환 발표…한국 기업 공급망 거점으로,OTHER,0.2267,OTHER,0.0961
24,en,OTHER,Inside the race to rebuild America’s fuel supply chain for a ‘second nuclear age’,OTHER,0.3441,OTHER,0.2428
25,ko,GEOPOLITICAL,"외교부, 중동전쟁 대응 미주 공관회의 개최…에너지 수급·공급망 점검",OTHER,0.4868,OTHER,0.4265
26,en,OTHER,Where the World's Critical Minerals Come From,OTHER,0.4638,OTHER,0.4179
27,ko,OTHER,"FITI시험연, 반도체 공정소재 기술자립·공급망 안정화 지원한다",OTHER,0.4179,OTHER,0.2861
28,ko,GEOPOLITICAL,“전쟁 청구서 37조원”…유가 폭등·공급망 붕괴에 글로벌 기업들 '비상',GEOPOLITICAL,0.8559,GEOPOLITICAL,0.8575
29,en,SUPPLIER,IBM unconcerned about memory shortage impact on company supply chain,SUPPLIER,0.6549,OTHER,0.2119
30,en,OTHER,Water treatment chemical supply chain disruption risk assessment and mitigation strategy ranking using BWM–VIKOR,OTHER,0.3609,OTHER,0.215
31,ko,GEOPOLITICAL,"[이슈] 국가 경제, 핵심광물 공급망 강화에 달렸다 - ①",OTHER,0.4411,OTHER,0.333
32,en,OTHER,Deforestation allegations prompt request for independent probe into Kao supply chain,OTHER,0.2148,OTHER,0.1191
33,ko,OTHER,"TSMC 첨단 패키징 핵심 협력사, 中 기밀 유출 전면 부인…공급망 관리 '경고등'",OTHER,0.207,OTHER,0.1043
34,en,OTHER,"Avetta Connects a Trusted, Ready-to-Work Community Across Global Supply Chains",OTHER,0.2071,OTHER,0.0986
35,ko,GEOPOLITICAL,중동 리스크에 헬륨·브롬 공급망 비상…반도체·의료 영향 우려,GEOPOLITICAL,0.9504,GEOPOLITICAL,0.9661
36,en,OTHER,Notepad++ Update Servers Hijacked in Targeted Supply Chain Attack,OTHER,0.0551,OTHER,0.0169
37,en,OTHER,Tecsys Awarded Modern Healthcare's Best in Business Recognition for Supply Chain Excellence,OTHER,0.2315,OTHER,0.138
38,en,GEOPOLITICAL,DR Congo's Coltan: Report Reveals How Conflict Mineral Enters Global Supply Chain | Firstpost Africa,GEOPOLITICAL,0.6153,OTHER,0.4744
39,en,OTHER,"ICYMI: The GIS Role in Security, Product Tracing, and Enterprise Collaboration",OTHER,0.292,OTHER,0.1955
40,en,OTHER,Supply chain operations turns agentic,OTHER,0.1833,OTHER,0.096
41,en,OTHER,"Political turmoil, low investment, supply chain disruptions hit revenue collection: Khosru",OTHER,0.482,OTHER,0.3867
42,en,OTHER,ASML Q1 2026 Earnings Update,OTHER,0.3459,OTHER,0.1922
43,ko,OTHER,"가스공사, 천연가스 공급망 확대…주배관 5346㎞ 운영",OTHER,0.2647,OTHER,0.1382
44,ko,OTHER,"이 대통령 ""베트남, 사돈의 나라...공급망 안정 협력""",OTHER,0.4845,OTHER,0.363
45,ko,OTHER,"[단독] 라이칭더 대만 총통, 컴퓨텍스 찾는다…AI 공급망 직접 점검",LOGISTICS,0.8104,LOGISTICS,0.7714
46,en,OTHER,Automotive supply chains redesigned amid shocks and disruption,OTHER,0.3157,OTHER,0.2076
47,ko,OTHER,[한국정보보호학회 칼럼] 소프트웨어 공급망 보안의 글로벌 동향,OTHER,0.2987,OTHER,0.1996
48,en,OTHER,High-stakes logistics: USF team wins national supply chain case competition,OTHER,0.2685,OTHER,0.1353
49,en,OTHER,VS Code Adds 2-Hour Extension Auto-Update Delay to Limit Supply Chain Attacks,OTHER,0.0695,OTHER,0.0276
50,ko,OTHER,"韓-EU, 전략산업 공급망 정책 공조…핵심광물·배터리 협력 강화",OTHER,0.3858,OTHER,0.2605
51,en,OTHER,Chief Economists' Outlook: May 2026,OTHER,0.2975,OTHER,0.1979
52,en,OTHER,Cheetah Net Supply Chain Service Inc. Announces First Quarter 2026 Results and Provides Corporate Update,OTHER,0.1977,OTHER,0.0908
53,ko,OTHER,경남 원전기업 미국 원전건설 공급망 진입 총력전,OTHER,0.2501,OTHER,0.1349
54,en,OTHER,"Supply Chain Resilience Means Acting Faster, Smarter",OTHER,0.1262,OTHER,0.0638
55,en,OTHER,Top Supply Chain Technology Trends Reshaping Logistics in 2026,OTHER,0.2665,OTHER,0.1789
56,ko,LABOR,고개 드는 '공급망 리스크'… 글로벌 고객사들 불안감만 키운다 [삼성전자 노사 막판 담판],GEOPOLITICAL,0.7007,GEOPOLITICAL,0.5919
57,ko,SUPPLIER,"현대차 인도법인 ""모비스 화재로 대체 공급망 모색 중""",OTHER,0.6507,SUPPLIER,0.6825
58,ko,GEOPOLITICAL,"산업부, 희토류 관련 기업 간담회…""공급망 관리·다변화 지원""",OTHER,0.3005,OTHER,0.174
59,ko,OTHER,석유화학 공급망 관리 강화··· 매점매석 금지 규정 시행,OTHER,0.17,OTHER,0.0775
60,en,LOGISTICS,Container Port Performance Index 2025 Reveals Ports' Pivotal Role in Supply Chain Stability,OTHER,0.1651,OTHER,0.076
61,ko,OTHER,"장현숙 한국무역협회 실장, 2026 판다포럼서 ""공급망 핵심은 비용 아닌 안정성…상시적 위기 대응 체계가 수출 경쟁력""",GEOPOLITICAL,0.6987,GEOPOLITICAL,0.6292
62,ko,GEOPOLITICAL,"김정관 산업장관, 유라시아·중동·체코 순방…원유 공급망 확보·원전 이행 점검",GEOPOLITICAL,0.5776,OTHER,0.4584
63,en,OTHER,KPMG: Technology and Supply Chain Resilience in Healthcare,OTHER,0.1153,OTHER,0.0537
64,en,OTHER,Global Supply Chain Awards 2026 Opens Final Call for Entries Ahead of 29 June Deadline,OTHER,0.5764,OTHER,0.3894
65,en,OTHER,Anthropic disables access to Fable 5 and Mythos 5 to comply with government directive,OTHER,0.2614,OTHER,0.1694
66,en,OTHER,SDVI To Feature New Rally Media Supply Chain Management Enhancements,OTHER,0.0624,OTHER,0.0277
67,ko,OTHER,"【ESG 동향】산업부·한국생산성본부, ‘2025 ESG CONNECT’ 개최…공급망 리스크 대응 전략 공유",OTHER,0.5499,OTHER,0.3538
68,ko,OTHER,"안규백, '천궁-Ⅱ' 개발·생산 방산현장 방문‥무기체계 공급망 점검",OTHER,0.3571,OTHER,0.2053
69,ko,GEOPOLITICAL,"""중동 불길에 타버린 실적"" 언더아머, 공급망 쇼크에 주가 17% 급락",GEOPOLITICAL,0.9731,GEOPOLITICAL,0.979
70,ko,OTHER,"보산진, '글로벌 바이오헬스산업 동향' 개편…의료 AI 분야 추가",OTHER,0.3649,OTHER,0.1671
71,ko,OTHER,"""2026년 공급망 위기, 지금 당신의 공급망은 안전합니까? — 기업을 위한 6가지 생존 전략""",OTHER,0.3619,OTHER,0.2278
72,en,OTHER,Why Agentic AI is finally working in supply chains,OTHER,0.094,OTHER,0.0393
73,en,OTHER,Update anxiety: is it safe to run “apt update” during active supply chain attack,OTHER,0.0713,OTHER,0.0209
74,en,OTHER,Yusen Logistics launches AI-powered supply chain disruption radar,OTHER,0.3903,OTHER,0.2746
75,en,GEOPOLITICAL,Middle East conflict chokes end of supply chain as lights go out in the Pacific,GEOPOLITICAL,0.9688,GEOPOLITICAL,0.9588
76,ko,OTHER,글로벌 공급망 재편이 한국 경제에 미칠 영향,OTHER,0.4091,OTHER,0.2486
77,ko,OTHER,"한-EU, 첨단기술에서 디지털, 공급망까지 협력 확대…유럽기업 2500억원 투자 유치",OTHER,0.1321,OTHER,0.0569
78,ko,OTHER,도쿄서 뭉친 한일 기업 500사···AI·반도체 공급망 '미래 동맹' 넓힌다,OTHER,0.4408,OTHER,0.2592
79,ko,GEOPOLITICAL,[글로벌 사우스 리포트]① 미·중 리스크 넘어라…인도·베트남서 새 기회 찾는 韓 산업,OTHER,0.5672,GEOPOLITICAL,0.5804
80,ko,OTHER,"[기고] 공급망 파도, 친환경 선대 구축으로 넘어야",OTHER,0.4495,OTHER,0.3838
81,en,OTHER,The Energy Transition | UK government updates assessment of renewables deployment supply chain readiness,OTHER,0.3103,OTHER,0.196
82,ko,OTHER,"한·베트남, 8개월 만에 회담...""공급망 안정 등 협력""",OTHER,0.5343,OTHER,0.383
83,ko,SUPPLIER,'후지쿠라 쇼크'가 남긴 교훈… 과도한 AI 기대감과 공급망 제약의 충돌,OTHER,0.26,OTHER,0.1436
84,en,OTHER,Global Supply Chains at Risk of Cyber Breaches and Phishing,OTHER,0.2505,OTHER,0.138
85,ko,OTHER,"LS MnM, 지속가능성장경영보고서 발간…원재료 공급망 강화",OTHER,0.2549,OTHER,0.1919
86,ko,OTHER,구윤철 “요소수 공공비축분 이달 말 방출…공급망 안정 총력”,OTHER,0.392,OTHER,0.2789
87,en,OTHER,Top 10: Predictions for 2026,OTHER,0.2377,OTHER,0.1451
88,ko,OTHER,‘2026 해상풍력 공급망 컨퍼런스 전시회’ 열린다,OTHER,0.3812,OTHER,0.2823
89,en,OTHER,ESG Standards and Practices of Chinese Companies in Critical Minerals Supply Chains,OTHER,0.2601,OTHER,0.169
90,ko,OTHER,"중진공·포스코, 동반성장 네트워크론 협약…공급망 안정 협력",OTHER,0.4875,OTHER,0.3671
91,en,OTHER,GitHub announces npm security changes to tackle supply-chain attacks,OTHER,0.2144,OTHER,0.1364
92,en,OTHER,Top 5 Retail Technology Companies in Croatia,OTHER,0.2063,OTHER,0.1141
93,en,GEOPOLITICAL,Supply chain strain surges in April amid Middle East war,GEOPOLITICAL,0.9489,GEOPOLITICAL,0.9486
94,ko,OTHER,"AI가 석탄 운반선 입항 예측…서부발전, 연료조달 혁신",OTHER,0.4258,OTHER,0.2262
95,ko,OTHER,李대통령 “韓·伊 최적 파트너…첨단산업·공급망 협력으로 위기 돌파”,OTHER,0.1772,OTHER,0.0973
96,en,LOGISTICS,"Mexico freight stabilizes after cartel shock, but supply chains stay on alert",LOGISTICS,0.7192,LOGISTICS,0.642
97,ko,SUPPLIER,‘대형화재’ 현대차 인도법인 “일시적 차질 전망…대체 공급망 모색중”,SUPPLIER,0.7955,SUPPLIER,0.8144
98,ko,OTHER,"“에너지 공급망, 전면 점검할 시점”",FINANCIAL,0.7937,FINANCIAL,0.5572
99,ko,GEOPOLITICAL,"산업통상부, 중동전쟁 관련 IPEF 회원국간 공급망 대응 현황 및 협력방안 협의",OTHER,0.2592,OTHER,0.1443
100,ko,OTHER,"고려아연, 첫 지속가능경영추진위…ESG 관리체계 고도화",OTHER,0.1168,OTHER,0.0555
101,en,GEOPOLITICAL,[News] From Rare Earth-Free Magnets to New Supply Chains: The Push to Break China’s Grip Accelerates,OTHER,0.3865,OTHER,0.3053
102,en,OTHER,Cambridge Forum for Future Food Supply Chains 2026,LOGISTICS,0.7884,LOGISTICS,0.5883
103,en,OTHER,HK plans tax cuts and logistics boost to anchor global commodity hub,OTHER,0.4576,OTHER,0.3898
104,ko,OTHER,"LIG D&A, 상생추진단 신설…방산 공급망 강화",OTHER,0.1157,OTHER,0.0425
105,en,OTHER,150+ supply chain leaders participating in Supply Chain Excellence Awards USA 2026,OTHER,0.1641,OTHER,0.0744
106,en,OTHER,"Less Routine, More Inspiration – Oracle Supply Chain Planning Update 26A | scm",OTHER,0.1354,OTHER,0.0514
107,ko,OTHER,"기업 급식공급망 연계 수산물 유통·판로 확대…해수부, 내일 점심특식행사 개최",OTHER,0.4085,OTHER,0.1749
108,ko,OTHER,"""에이전틱 AI 공급망 시대"" 삼성SDS, '첼로스퀘어 콘퍼런스' 개최",OTHER,0.3899,OTHER,0.2599
109,ko,OTHER,"코트라, 인도서 '미래차 파트너링 플라자' 개최…공급망 공략 가속",OTHER,0.3415,OTHER,0.2409
110,en,OTHER,Supply Chain and Logistics News April 20th-23rd 2026,LOGISTICS,0.8292,LOGISTICS,0.5828
111,en,GEOPOLITICAL,The Iran Crisis Is Exposing AI’s Supply Chain Blind Spots,GEOPOLITICAL,0.7542,GEOPOLITICAL,0.6955
112,ko,OTHER,"인도 發 자동차 공급망 재편 주목 코트라, 인도 거점으로 글로벌 차 부품 시장 공략",OTHER,0.2838,OTHER,0.1903
113,ko,LABOR,"외신, 삼성전자 파업 예고 긴급 타전…″세계 공급망 위기″",LABOR,0.9807,LABOR,0.8742
114,en,OTHER,Autonomous Supply Chain: Why Agentic AI Is Rewriting the Operating Model,OTHER,0.074,OTHER,0.026
115,ko,GEOPOLITICAL,"""이란 전쟁으로 부품 공급망 차질…IT 가격 상승 전망""",SUPPLIER,0.9669,SUPPLIER,0.9758
116,ko,OTHER,Hanopro와 ‘솔루션 판매’ 전략으로 글로벌 공급망을 사로잡다,OTHER,0.6142,GEOPOLITICAL,0.5757
117,ko,OTHER,한-중앙아 정상회의 앞두고 경제협력 확대 논의…공급망·AI 협력 강화,OTHER,0.1568,OTHER,0.0591
118,ko,GEOPOLITICAL,중동전 상황 예의주시속 공급망 점검-국제공조로 대응,GEOPOLITICAL,0.7413,GEOPOLITICAL,0.6954
119,en,GEOPOLITICAL,BASF Warns Iran War Could Trigger Supply Chain Disruption for Carmakers,GEOPOLITICAL,0.9294,GEOPOLITICAL,0.916
120,en,GEOPOLITICAL,Crises in the Middle East Call for a New Approach in Supply Chain Resilience,GEOPOLITICAL,0.8584,GEOPOLITICAL,0.8129
121,ko,OTHER,2026년 ESG 공시 의무화 동향과 시사점 고찰 | 인사이트리포트 | 삼성SDS,OTHER,0.4711,OTHER,0.4177
122,en,SUPPLIER,Airbus Cuts as Supply Chain Crisis Deepens,GEOPOLITICAL,0.8515,GEOPOLITICAL,0.8
123,en,OTHER,eScan Antivirus Delivers Malware in Supply Chain Attack,OTHER,0.07,OTHER,0.0275
124,en,NATURAL_DISASTER,Will the Tracy warehouse fire affect supply chain in California?,SUPPLIER,0.7489,SUPPLIER,0.6539
125,en,OTHER,"Penske Logistics Introduces Supply Chain Insight to Empower Smarter, More Resilient Supply Chain Operations",OTHER,0.168,OTHER,0.0726
126,ko,GEOPOLITICAL,"반도체·약 원료 '브롬' 중동 의존도 98%…""공급망 대응 필요""",GEOPOLITICAL,0.8228,GEOPOLITICAL,0.8419
127,en,OTHER,Technology manufacturer’s path to resilient supply chains,OTHER,0.1442,OTHER,0.0752
128,en,OTHER,GEP : Stockpiling Reaches Three-Year High as Manufacturers Brace for Supply Chain Disruption,OTHER,0.4588,OTHER,0.3419
129,ko,OTHER,"경동제약, 국책과제 선정…“고순도 API 합성 기술로 공급망 안정화”",OTHER,0.1986,OTHER,0.0949
130,en,OTHER,Global Supply Chain Sustainability Policy,OTHER,0.2526,OTHER,0.155
131,en,OTHER,Rail News - Nissan names CSX supply chain management partner of the year. For Railroad Career Professionals,OTHER,0.1002,OTHER,0.0408
132,ko,GEOPOLITICAL,한국-사우디 에너지 협력 강화…원유 공급망 안정 논의,OTHER,0.56,OTHER,0.4062
133,ko,OTHER,"[카드] '철강 공급망 안정 집중' 포스코, 거래사 금융지원 본격화",OTHER,0.3558,OTHER,0.2103
134,en,OTHER,The mechanism and impact of digital transformation on supply chain resilience in the manufacturing industry,OTHER,0.1169,OTHER,0.0453
135,en,OTHER,"Acumatica 2026 R1 Strengthens Supply Chain Management for Manufacturers, Distributors, and Retailers",OTHER,0.08,OTHER,0.0311
136,ko,GEOPOLITICAL,중동발 공급망 쇼크에 해상 물류 비상…'한국 경제 직격탄',GEOPOLITICAL,0.6988,GEOPOLITICAL,0.6551
137,en,OTHER,State Dependence of Monetary Policy During Global Supply Chain Disruptions - American Enterprise Institute,OTHER,0.3698,OTHER,0.2201
138,en,OTHER,Resilience management in clinical trial supply chains,OTHER,0.0411,OTHER,0.014
139,en,OTHER,OceanLotus (APT32) Supply Chain Attack: SPECTRALVIPER Backdoor Targets FireAnt Platform and Vietnamese Infrastructure,OTHER,0.1016,OTHER,0.0472
140,ko,OTHER,의료기기 공급망 위기 예방하려면,OTHER,0.5867,OTHER,0.461
141,en,FINANCIAL,Supply-chain inflation accelerates amid deepening energy crisis,GEOPOLITICAL,0.9036,GEOPOLITICAL,0.9115
142,ko,GEOPOLITICAL,"정부, 농식품 수출·공급망 점검…중동 사태 장기화 대비 - 머니투데이",GEOPOLITICAL,0.9412,GEOPOLITICAL,0.9273
143,en,OTHER,Wind Manufacturing and Supply Chain,OTHER,0.1665,OTHER,0.0793
144,en,GEOPOLITICAL,CBP’s tariff refund portal is performing better than expected,GEOPOLITICAL,0.9237,GEOPOLITICAL,0.9246
145,en,OTHER,Supply Chain Resilience with Multi-Vendor Strategy,OTHER,0.1082,OTHER,0.0493
146,en,OTHER,Will Mounting Supply Chain Strains Hamstring the AI Investment Boom?,OTHER,0.074,OTHER,0.026
147,ko,OTHER,"스피어, 美 우주발사업체향 수주 3300억 돌파에 11%↑",OTHER,0.191,OTHER,0.0947
148,ko,OTHER,"BPA, 닝보 해상실크로드 협력 포럼서 글로벌 공급망 안정화 전략 소개",OTHER,0.1038,OTHER,0.0386
149,ko,GEOPOLITICAL,한·사우디 에너지 협력 확대 모색…원유 공급망 안정 방안 논의,GEOPOLITICAL,0.7609,GEOPOLITICAL,0.759
150,en,OTHER,Global Supply Chain Awards 2026: Company of the Year,OTHER,0.1606,OTHER,0.0862
151,ko,OTHER,"금호타이어, 협력사 간담…공급망 ESG 관리 강화",OTHER,0.0851,OTHER,0.0368
152,en,OTHER,The asymmetric influence of ESG performance on corporate innovation: understanding the role of supply chain transmission,NATURAL_DISASTER,0.9521,NATURAL_DISASTER,0.5795
153,ko,GEOPOLITICAL,"유럽 기업들, EU 탈중국 압박에도 中 제조 기반 강화",OTHER,0.3432,OTHER,0.2276
154,en,OTHER,NPM 12 Will Change Script Execution Behavior to Prevent Supply Chain Attacks,OTHER,0.1185,OTHER,0.0575
155,en,OTHER,Global supply chains keep workers poor: three case studies show how the cycle can be broken,OTHER,0.2699,OTHER,0.1553
156,ko,GEOPOLITICAL,외교부 '중동 위기' 민관학 회의…공급망 안정 협력구조 모색,GEOPOLITICAL,0.8376,GEOPOLITICAL,0.7579
157,en,OTHER,Why is Haleon Building a new Manufacturing site in India?,OTHER,0.1481,OTHER,0.0638
158,ko,OTHER,한-EU 경쟁력 파트너십 출범… 에너지·공급망 협력 확대,OTHER,0.233,OTHER,0.1372
159,ko,OTHER,"PwC “성장 유지에도 금융·전쟁·공급망 리스크 동시 폭발…경제, 예측 불가 구간”",GEOPOLITICAL,0.6536,GEOPOLITICAL,0.5341
160,ko,OTHER,"LS증권 “운송업, 공급망 재편 수혜 선별 대응 필요…최선호주 팬오션”",OTHER,0.482,OTHER,0.3025
161,ko,GEOPOLITICAL,"중동 리스크에 전력기자재 공급망 흔들…정부 ""선제 대응""",GEOPOLITICAL,0.9378,GEOPOLITICAL,0.9464
162,en,OTHER,How to Manage Supply Chain Disruptions Without Sacrificing Compliance,OTHER,0.6423,OTHER,0.4748
163,ko,GEOPOLITICAL,[특별기고] 중동 전쟁 리스크와 대한민국 해운 전략,GEOPOLITICAL,0.9866,GEOPOLITICAL,0.9842
164,en,OTHER,"Nordex Updates Sustainability Framework To Align With CSRD, Deepen Supply Chain Accountability",OTHER,0.1442,OTHER,0.0668
165,ko,OTHER,"법무법인 바른, 중견련과 '공급망 리스크 관리' 포럼 개최 [로펌소식]",OTHER,0.3657,OTHER,0.2414
166,ko,OTHER,"한국가스공사, 천연가스 인프라 확충…전국 안정적 공급망 강화",OTHER,0.1483,OTHER,0.0773
167,en,OTHER,SAP Named a Leader in the IDC MarketScape for Worldwide Multi-Enterprise Supply Chain Commerce Network,OTHER,0.3325,OTHER,0.2525
168,en,OTHER,Supply Chain Analytics for Inventory & Demand Forecasting,OTHER,0.2252,OTHER,0.1191
169,ko,GEOPOLITICAL,"산업부, 중동발 공급망 충격 대응 위해 IPEF 공조 강화",GEOPOLITICAL,0.9284,GEOPOLITICAL,0.8804
170,en,OTHER,AI-Enhanced Supply Chain Management Systems Make Exception Handling Easier,OTHER,0.1043,OTHER,0.0498
171,ko,OTHER,"가스공사, 천연가스 공급망 확충…주배관 5346㎞ 운영",OTHER,0.1771,OTHER,0.0908
172,ko,OTHER,"글로벌 공급망 재편, 한국의 기회와 과제",OTHER,0.5187,OTHER,0.319
173,ko,OTHER,최대 100조 손실 위기서 극적 구제… 한국 경제·글로벌 공급망도 ‘안도’,OTHER,0.4281,OTHER,0.259
174,en,GEOPOLITICAL,Hormuz Closure Demands Supply Chain Operational Overhaul,OTHER,0.4929,OTHER,0.3497
175,en,OTHER,How Manufacturers Can Boost Resilience Without Losing Supply Chain Optimization,OTHER,0.109,OTHER,0.0506
176,en,OTHER,Managing Procurement in Times of Supply Chain Disruption,OTHER,0.5252,OTHER,0.3637
177,en,OTHER,"Despite global disruptions, Pralhad Joshi assures Karnataka has sufficient fertilizer supply for Kharif 2026",OTHER,0.6669,OTHER,0.4134
178,ko,OTHER,"여한구 통상본부장 “APEC, 공급망위기 속 ‘실용적 협력플랫폼’ 기능해야”",OTHER,0.3895,OTHER,0.2813
179,en,GEOPOLITICAL,Long Beach Cargo Drops as Hormuz Crisis Keeps Pressure on Supply Chains,GEOPOLITICAL,0.894,GEOPOLITICAL,0.8876
180,ko,LABOR,계약 이행 차질ㆍ위약 리스크까지…벼랑 끝에 선 '고객 신뢰' [노조의 위험한 특권中],LABOR,0.9656,LABOR,0.9577
181,ko,SUPPLIER,엔진밸브 하나에 멈춘 생산… 현대차·기아 공급망 ‘흔들’,SUPPLIER,0.837,SUPPLIER,0.7942
182,en,OTHER,Target Names New Chief Global Supply Chain Officer,OTHER,0.1778,OTHER,0.0841
183,ko,OTHER,"2030년, 글로벌 공급망 환경 근본적 대전환 예고...",OTHER,0.6253,GEOPOLITICAL,0.5993
184,en,OTHER,The Missing Link in Supply Chain Management,OTHER,0.0831,OTHER,0.0362
185,ko,OTHER,"트레드링스, SCM 산업 미래 담은 ‘AI-Native 리포트’ 발간",OTHER,0.4512,OTHER,0.3589
186,en,OTHER,Modern Cost Engineering Evolution: Rewiring the Human Element for Supply Chain Resilience,OTHER,0.4191,OTHER,0.2861
187,en,FINANCIAL,How Will The Energy Crisis Affect Global Supply Chains?,FINANCIAL,0.8439,FINANCIAL,0.8079
188,en,OTHER,The World Cup Reveals Supply Chain Execution,OTHER,0.2047,OTHER,0.1213
189,en,OTHER,U.S. Hydropower Supply Chain,OTHER,0.2148,OTHER,0.1191
190,ko,OTHER,"가스공사, 천연가스 주배관 140km 확충…안정적인 공급망 강화",OTHER,0.1621,OTHER,0.0893
191,ko,OTHER,"LIG D&A, 공급망 안정화·인재 내재화로 방산 수출 기반 다진다",OTHER,0.2199,OTHER,0.1247
192,ko,OTHER,"암페라, 호주 토륨 공급망으로 원전연료 수직통합",OTHER,0.2693,OTHER,0.1616
193,ko,OTHER,"靑 국가안보실, 공급망 경제안보 현안점검회의 개최",OTHER,0.2242,OTHER,0.1041
194,en,OTHER,Distribution Strategy as a Key to Supply Chain Resilience,OTHER,0.059,OTHER,0.0249
195,ko,OTHER,탄소중립 등 공급망 리스크 대응 ‘글로벌 공급망(GVC) 분석센터’ 출범,GEOPOLITICAL,0.6549,OTHER,0.4602
196,ko,OTHER,한-아프리카 첫 외교장관회의…공급망 안정 논의,OTHER,0.1676,OTHER,0.0614
197,ko,OTHER,"aT, 태국산 '신선란' 첫 수입...계란 공급망 안정 기대",GEOPOLITICAL,0.6847,GEOPOLITICAL,0.6455
198,en,OTHER,"TrapDoor Supply Chain Attack Spreads Credential-Stealing Malware via npm, PyPI, and CratesIO",OTHER,0.074,OTHER,0.0292
199,ko,OTHER,"스피어코퍼레이션, 美 글로벌 발사업체향 수주 3300억원 돌파",OTHER,0.2525,OTHER,0.1543
200,en,OTHER,"Brazil Joins Canada, United States, UK, Japan and More Global Aviation Leaders as Budapest Hosts CEC 2026, Advancing Air Cargo Excellence Across Airlines and Supply Chains, Here’s The Latest Update",OTHER,0.3074,OTHER,0.2307
201,ko,GEOPOLITICAL,[산업풍향계] 글로벌 사우스에 꽂혔다… 공급망 리스크에 새 격전지 전략은,LABOR,0.7138,OTHER,0.4007
202,en,FINANCIAL,Global oil supply chains face historic stress: Crude prices and tanker rates now at all-time highs — here’,GEOPOLITICAL,0.5784,GEOPOLITICAL,0.511
203,ko,OTHER,"아프리카개발은행 ""올해 아프리카 평균 성장률 4.2% 전망""",OTHER,0.2359,OTHER,0.1343
204,en,OTHER,Top 100 Global Supply Chains 2025,OTHER,0.2418,OTHER,0.1151
205,ko,OTHER,"李대통령, 한-이탈리아 기업인 만나 ""AI·공급망 시대 협력 확대""",OTHER,0.3335,OTHER,0.2211
206,ko,OTHER,"[전문] 김용범 ""반도체·데이터센터·피지컬AI 묶어 AI 공급망 핵심 거점으로""",OTHER,0.3308,OTHER,0.234
207,ko,OTHER,"스피어, 美우주발사업체 누적 수주 3300억 돌파…'뉴스페이스' 공급망 핵심 부상",OTHER,0.2034,OTHER,0.1038
208,ko,OTHER,"지평, '글로벌 공급망 변화' 경영포럼 열어",OTHER,0.348,OTHER,0.2315
209,ko,OTHER,'2026 한-아프리카 외교장관회의' 개최...공급망 위기등 논의,OTHER,0.3304,OTHER,0.1952
210,ko,GEOPOLITICAL,"과기정통부, 중동전쟁 대응책 모색…'ICT 공급망 점검 상황실' 꾸린다",GEOPOLITICAL,0.8591,GEOPOLITICAL,0.844
211,en,OTHER,Mitigating the Axios npm supply chain compromise,OTHER,0.1671,OTHER,0.0895
212,en,OTHER,US judge keeps forced labor claims against Bumble Bee alive in tuna supply chain case,OTHER,0.38,OTHER,0.2886
213,en,GEOPOLITICAL,Iran war adds new layer to supply chain stress,GEOPOLITICAL,0.8864,GEOPOLITICAL,0.8327
214,en,GEOPOLITICAL,"Supply Chain Operational Update: Israel, Jordan & Lebanon -…",OTHER,0.1354,OTHER,0.0514
215,ko,GEOPOLITICAL,"【ESG 동향】미·호주, 13조원 규모 핵심광물 공급 협력 강화…중국 의존도 낮춘다",OTHER,0.5083,OTHER,0.3419
216,ko,OTHER,"한-EU, 핵심광물·배터리 등 전략산업 공급망 협력 강화",OTHER,0.3333,OTHER,0.229
217,ko,GEOPOLITICAL,[글로벌 경제 불확실성 시리즈 3편: 지정학적 분쟁과 글로벌 공급망의 변화] “전쟁이 바꾼 공급망 지도”…지정학 리스크 속 글로벌 산업 재편 가속,GEOPOLITICAL,0.5852,OTHER,0.4511
218,en,OTHER,FedEx Contributes Perspectives on Supply Chain Resilience in Saudi Arabia,OTHER,0.1445,OTHER,0.0791
219,en,OTHER,What’s the missing ingredient in supply chain visibility?,OTHER,0.2148,OTHER,0.1191
220,ko,OTHER,"기후테크 기업들, 핵심광물로 눈 돌린다…공급망 사업확장",OTHER,0.5107,OTHER,0.3995
221,ko,GEOPOLITICAL,"EU 관세에 중동 리스크까지…K-타이어, 공급망 대응 시험대",GEOPOLITICAL,0.9412,GEOPOLITICAL,0.9408
222,en,OTHER,Target Tags Jeff England as New Chief Global Supply Chain Officer,OTHER,0.1951,OTHER,0.0954
223,en,OTHER,Supply Chain Disruptions Are Back at 2022 Levels,OTHER,0.4088,OTHER,0.2401
224,ko,OTHER,"가스공사, 천연가스 배관망 5346km 확충…전국 안정적 공급망 강화",OTHER,0.1598,OTHER,0.0841
225,en,OTHER,Recycling Stocks to Win Amidst Supply Chain Crisis,GEOPOLITICAL,0.713,GEOPOLITICAL,0.6264
226,en,GEOPOLITICAL,"Trump to meet with Middle East leaders, attend Ukraine session at G7",GEOPOLITICAL,0.8786,GEOPOLITICAL,0.8793
227,ko,OTHER,최대 무역블록 EU와 협력 확대…공급망·안보 공조 강화,OTHER,0.2133,OTHER,0.1291
228,en,OTHER,"Above the Fold: Supply Chain Logistics News (May 29, 2026)",LOGISTICS,0.9746,LOGISTICS,0.8491
229,en,OTHER,"U.S. Spotlight: Renewables, trade, and the global supply chain",OTHER,0.4873,OTHER,0.3583
230,ko,SUPPLIER,"반도체 공급망, 中 ·日 벗어나나...중수소 암모니아 생산 성공",SUPPLIER,0.8702,SUPPLIER,0.541
231,en,OTHER,Risk factors influencing construction supply chain management in Saudi Arabia,OTHER,0.1335,OTHER,0.0692
232,en,OTHER,"AI, supply chains and weather risks drive management shift",OTHER,0.2996,OTHER,0.2146
233,ko,OTHER,"오비맥주, 국내 농가와 ESG 상생···'공급망 리스크 축소'",LABOR,0.9,LABOR,0.6184
234,ko,LABOR,CU 물류 차질 우려 해소 수순...BGF리테일·화물연대 협상 타결,SUPPLIER,0.8302,SUPPLIER,0.7723
235,ko,OTHER,[STX 회생기로] 범한산업의 베팅…'공급망 플랫폼' 가치 재조명,OTHER,0.4107,OTHER,0.2855
236,ko,OTHER,"엠로, 공급망 관리 SW 글로벌 공략 박차... 가트너 주관 행사 참여",OTHER,0.2357,OTHER,0.1275
237,ko,OTHER,"공급망 리스크 규제, 글로벌 동향과 대응은[C레벨 노트]",GEOPOLITICAL,0.6147,OTHER,0.4721
238,ko,GEOPOLITICAL,"포스코인터내셔널, 전기차 핵심 소재 중희토류 글로벌 공급망 구축 박차",GEOPOLITICAL,0.5973,OTHER,0.4911
239,en,GEOPOLITICAL,"Hormuz Crisis Triggers Global Supply Chain Shock Affecting Food, Flights, and Industry",GEOPOLITICAL,0.7983,GEOPOLITICAL,0.7967
240,ko,LABOR,"""전세계 반도체 공급망 차질""...외신 '삼전 파업 수순' 일제히 보도 - 머니투데이",SUPPLIER,0.9577,SUPPLIER,0.908
241,en,OTHER,Working with suppliers,OTHER,0.26,OTHER,0.1764
242,en,OTHER,New strategies for global business leaders to manage supply chain risk,OTHER,0.3053,OTHER,0.1734
243,ko,OTHER,"바른∙중견기업연합회, ‘중견기업 Scale-up 전략 포럼’ 개최",OTHER,0.1559,OTHER,0.0841
244,ko,OTHER,"[중소기업이 이끄는 지방주도성장]공급망 안정화 플랫폼, AI 스마트공장 확산 지원 시급",OTHER,0.2946,OTHER,0.1889
245,en,GEOPOLITICAL,China warns of global supply chain disruption as U.S. chip export bills advance,FINANCIAL,0.738,FINANCIAL,0.6156
246,en,GEOPOLITICAL,Supply Chain Roundtable: A Supreme Court Ruling and Middle East Conflict,GEOPOLITICAL,0.8915,GEOPOLITICAL,0.8822
247,ko,LABOR,"삼성전자 총파업 예고, 노사 갈등이 반도체 공급망 리스크로 번졌다",LABOR,0.9698,LABOR,0.8885
248,en,OTHER,"Supplement industry COOs talk supply chain resilience, channel evolution and AI agility",OTHER,0.0962,OTHER,0.0414
249,ko,OTHER,최윤범 고려아연 회장 캐나다서 '북미 공급망' 세일즈…경영 명분 강화하나,OTHER,0.2186,OTHER,0.113
250,ko,OTHER,"바른, 내달 10일 ‘중견기업 스케일업 전략 포럼’ 개최 [로앤비즈 브리핑]",OTHER,0.1441,OTHER,0.0672
251,en,OTHER,Automotive Supply Chain Resilience & Challenges | Automotive Sourcing,OTHER,0.2679,OTHER,0.2005
252,ko,GEOPOLITICAL,"산업부, 호르무즈 봉쇄 공급망 점검…""단기 수급 영향 제한""",GEOPOLITICAL,0.8457,GEOPOLITICAL,0.863
253,ko,GEOPOLITICAL,"이란, 한국 선박 ‘물리적 행동’ 경고…SK하이닉스 공급망 차질",GEOPOLITICAL,0.9029,GEOPOLITICAL,0.9139
254,ko,OTHER,"IMF총재 ""세계경제성장 더뎌질 것…이전으로 완벽 복귀는 불가""",OTHER,0.6269,SUPPLIER,0.5435
255,ko,OTHER,‘미토스 충격’에 정부 연이은 긴급회의…제로트러스트·공급망 보안 점검,OTHER,0.4611,OTHER,0.4018
256,ko,OTHER,"[더벨]스피어, 미국 우주발사업체 수주 3300억 돌파 - 머니투데이",OTHER,0.2196,OTHER,0.1285
257,ko,OTHER,"고려아연, ESG 추진위 개최…""기후공시·생물다양성·공급망 점검""",OTHER,0.3407,OTHER,0.1837
258,en,OTHER,Supply Chain Roundtable: Procurement’s Unique (and Critical) Perspective,OTHER,0.2808,OTHER,0.1925
259,ko,OTHER,"아진산업, 글로벌 공급망 대응 경북 경산시에 '하양 공장' 준공",OTHER,0.5532,GEOPOLITICAL,0.5172
260,ko,SUPPLIER,TSMC 5월 매출 30% 급증…AI 수요에 커지는 '공급망 확보 전쟁',GEOPOLITICAL,0.7194,GEOPOLITICAL,0.6533
261,en,OTHER,Logistics Plus is Named a 2026 G75 Green Supply Chain Partner by Inbound Logistics,OTHER,0.1762,OTHER,0.068
262,ko,SUPPLIER,"조선업계 에틸렌 수급 `비상`…산업부 ""공급망 차질 없도록 총력""",GEOPOLITICAL,0.7987,GEOPOLITICAL,0.7255
263,en,OTHER,Western Computer Launches New Dynamics 365 Finance & Supply Chain Management Assessment,OTHER,0.0481,OTHER,0.0176
264,en,NATURAL_DISASTER,How a blind spot on corporate water risk threatens supply chains,OTHER,0.2936,OTHER,0.1752
265,en,LOGISTICS,"Above the Fold: Supply Chain Logistics News (May 22, 2026)",LOGISTICS,0.8064,OTHER,0.437
266,ko,GEOPOLITICAL,"중동發 공급망 경보…부산조달청, 비철·요소 ‘비축 곳간’ 점검",GEOPOLITICAL,0.8996,GEOPOLITICAL,0.8537
267,ko,OTHER,"가스공사, 주배관 5346㎞ 구축…전국 천연가스 공급망 확대",OTHER,0.1998,OTHER,0.1007
268,en,OTHER,The impact of china’s artificial intelligence pilot policies on enterprise supply chain resilience | Scientific Reports,OTHER,0.2497,OTHER,0.1624
269,ko,OTHER,'380조' 스페이스X IPO 광풍···우주 ETF·공급망 수혜주 촉각,OTHER,0.3034,OTHER,0.2023
270,en,OTHER,Miasma Supply Chain Attack Compromises Red Hat npm Packages with Credential-Stealing Worm,OTHER,0.098,OTHER,0.0433
271,ko,OTHER,공급망 분석 시장 41조원 전망…AI·리스크 관리 수요가 키웠다,LABOR,0.6306,OTHER,0.3335
272,ko,SUPPLIER,"靑, 나프타 수급 차질에 ""공급망안정 추가조치 가능성 검토""",GEOPOLITICAL,0.8137,GEOPOLITICAL,0.8268
273,en,GEOPOLITICAL,"Supply chain disruptions from the Iran war could raise prices for drugs, electronics and more",GEOPOLITICAL,0.9459,GEOPOLITICAL,0.9511
274,en,OTHER,Supply chain problems require supply chain solutions,OTHER,0.1651,OTHER,0.076
275,ko,OTHER,"고려아연, 지속가능경영추진위 개최…'TNFD·공급망 실사' 고도화",OTHER,0.1711,OTHER,0.0772
276,en,SUPPLIER,Supply chain crisis forces aviation to rethink growth plans,OTHER,0.6628,SUPPLIER,0.5652
277,en,OTHER,"Starbucks plans corporate office in Nashville, impacting some Seattle-based supply chain workers",SUPPLIER,0.6737,SUPPLIER,0.5304
278,en,OTHER,The supply chain playbook is broken,OTHER,0.5651,GEOPOLITICAL,0.5446
279,en,OTHER,It’s Time to Rethink Every Link in Your Supply Chain,OTHER,0.1588,OTHER,0.078
280,en,OTHER,The critical role of ESG and AI-assisted due diligence in building a sustainable supply chain,OTHER,0.2014,OTHER,0.1086
281,ko,SUPPLIER,"한국 4월 자동차 수출과 생산 일제히 감소, ""부품 공급망 문제로 생산 차질""",SUPPLIER,0.8297,SUPPLIER,0.773
282,ko,GEOPOLITICAL,중동발 위기 현실화…경과원 판다포럼서 공급망 해법 찾는다,GEOPOLITICAL,0.9263,GEOPOLITICAL,0.953
283,ko,OTHER,"HD현대, 암모니아·수주·공급망 3축 전략··· “글로벌 조선 시장 주도권 굳힌다”",OTHER,0.4659,OTHER,0.4411
284,ko,OTHER,'민생·공급망' 안정 총력…'숨고르기 청년' 맞춤지원,OTHER,0.4404,OTHER,0.2773
285,en,GEOPOLITICAL,How M23-Linked Coltan Infiltrates Global Tech Supply Chains,OTHER,0.2867,OTHER,0.1811
286,en,OTHER,An examination of the impact of carbon emissions trading on corporate green technology innovation from the perspective of supply chain integration,OTHER,0.3603,OTHER,0.246
287,ko,OTHER,"외교부, 공급망 위기 품목 점검 공관장 회의...공급망 차질 여부 실시간 파악",GEOPOLITICAL,0.764,GEOPOLITICAL,0.7399
288,ko,OTHER,"트레드링스-KAIST, 공급망 리스크 예측 협력",OTHER,0.5403,OTHER,0.4142
289,en,OTHER,GitHub to Disable npm Install Scripts by Default to Stop Supply Chain Attacks,OTHER,0.0852,OTHER,0.0353
290,en,GEOPOLITICAL,"Report: SMBs struggle to cope with tariffs, supply chain disruptions in 2026",GEOPOLITICAL,0.7928,GEOPOLITICAL,0.7385
291,ko,OTHER,"현대로템, 1500억 상생 금융 투입으로 K철도 글로벌 공급망 고도화",OTHER,0.4916,OTHER,0.3757
292,en,GEOPOLITICAL,Strait of Hormuz disruptions: Implications for global trade and development |,GEOPOLITICAL,0.9622,GEOPOLITICAL,0.9274
293,en,GEOPOLITICAL,Beyond oil: 9 commodities impacted by the Strait of Hormuz crisis,GEOPOLITICAL,0.9616,GEOPOLITICAL,0.9574
294,en,GEOPOLITICAL,Critical minerals are reshaping global trade as demand surges,OTHER,0.2736,OTHER,0.1635
295,en,OTHER,Clean industry opens $4.7tn global supply chain investment opportunity,OTHER,0.4633,OTHER,0.2981
296,ko,OTHER,녹색산업 공급망 관리체계 마련 연구용역 추진,OTHER,0.1883,OTHER,0.0953
297,en,OTHER,CSX.com - CSX Named Nissan's 2026 Supply Chain Management Partner of the Year,OTHER,0.0604,OTHER,0.0214
298,en,GEOPOLITICAL,"Iran War: global supply chains show longer delays, higher prices",GEOPOLITICAL,0.8533,GEOPOLITICAL,0.8427
299,ko,LOGISTICS,이란 전쟁에 미주 노선 운임 두 배…공급망 부담 확산,GEOPOLITICAL,0.8419,GEOPOLITICAL,0.8383
301,ko,OTHER,외신이 본 '이재명정부 1년'…'실용주의 외교·AI 공급망 핵심국',OTHER,0.5002,GEOPOLITICAL,0.5392
302,ko,OTHER,[ESG 칼럼] 옴니버스 패키지 이후 공급망 관리와 인권경영,OTHER,0.21,OTHER,0.0968
303,en,OTHER,Hormel Foods Names Will Bonifant Group Vice President and Chief Supply Chain Officer,OTHER,0.2448,OTHER,0.1355
304,ko,SUPPLIER,"""품질 우려"" 고객사 인수거부 조짐… 반도체 글로벌 공급망 흔들 - 머니투데이",GEOPOLITICAL,0.7951,GEOPOLITICAL,0.8541
305,ko,LOGISTICS,"[모빌리티 인사이트] 현대차, 희망봉 우회 '글로벌 자동차 공급망' 재편 신호",OTHER,0.5136,OTHER,0.4677
306,en,OTHER,"Big shipping company closes site between Charlotte + Raleigh, laying off over 80",OTHER,0.222,OTHER,0.1257
307,en,GEOPOLITICAL,Storms in the Persian Gulf: Is a Global Supply Chain Crisis Looming?,SUPPLIER,0.851,SUPPLIER,0.7573
308,ko,OTHER,"한국가스공사, 주배관 5천346km 구축…전국 천연가스 공급망 강화",OTHER,0.1198,OTHER,0.0528
309,ko,LABOR,"삼성전자 결국 '파국'…외신 ""세계 공급망 위기""",LABOR,0.9697,LABOR,0.8665
310,ko,OTHER,"포스코퓨처엠, 탄소감축·공급망 관리 성과로 글로벌 ESG 지수 편입",OTHER,0.2584,OTHER,0.1493
311,en,OTHER,What permanent supply chain disruption means for engineering - Institution of Mechanical Engineers,OTHER,0.3813,OTHER,0.2546
312,en,OTHER,How Smarter Supply Chain Visibility Helps Companies Reduce Disruptions,OTHER,0.2001,OTHER,0.1079
313,en,OTHER,Reading the global supply chain,OTHER,0.4038,OTHER,0.2227
314,ko,OTHER,"[특징주] 스피어, 美 우주발사업체 누적 수주 3300억 돌파에 4% 급등",OTHER,0.1985,OTHER,0.1013
315,ko,OTHER,"한-EU 경제협력, 디지털·공급망으로 확대…유럽 기업 1.65억달러 투자",OTHER,0.314,OTHER,0.1969
316,en,OTHER,Early Warning Signs of Supply-Chain Attacks Live in the Dark Web,OTHER,0.1412,OTHER,0.0756
317,ko,OTHER,민‧관 합동 공급망 신속 대응체계 구축,OTHER,0.5434,OTHER,0.431
318,ko,OTHER,"조달청, 새만금 신항 아스콘 공급망 현장 점검",OTHER,0.1245,OTHER,0.047
319,ko,GEOPOLITICAL,"일본, 동남아에 15조원 수혈…이란戰 공급망 붕괴 막는다",GEOPOLITICAL,0.8542,GEOPOLITICAL,0.7556
320,ko,GEOPOLITICAL,"""공급망 차질 현실화"" … 韓 전력업계, 중동 사업 위축되나",SUPPLIER,0.8909,SUPPLIER,0.9042
321,ko,OTHER,지속 가능한 공급망 관리 | 아모레퍼시픽,OTHER,0.1565,OTHER,0.0742
322,en,OTHER,"DHL Supply Chain to close Rural Hall warehouse, lay off 80",OTHER,0.6003,OTHER,0.4434
323,ko,OTHER,"고려아연, 첫 지속가능경영추진위원회 개최…기후공시·공급망 관리 점검",OTHER,0.1526,OTHER,0.0593
324,en,OTHER,Building resilient supply chains for FMCG,OTHER,0.1609,OTHER,0.0812
325,en,OTHER,Sustainability: The future of supply chain management,OTHER,0.0828,OTHER,0.0328
326,en,OTHER,DLA Troop Support launches food management system,OTHER,0.1326,OTHER,0.0594
327,en,SUPPLIER,"Dell, HPE server supply upended by memory crunch",OTHER,0.273,OTHER,0.1827
328,en,SUPPLIER,Can Supply Chain Solve Intel's Production Puzzle?,OTHER,0.1651,OTHER,0.076
329,en,LOGISTICS,Maersk Europe Market Update April 2026,LOGISTICS,0.926,LOGISTICS,0.8299
330,en,OTHER,TanStack npm Supply Chain Attack Prompts OpenAI Updates,OTHER,0.0838,OTHER,0.0342
331,en,OTHER,Tropical Shipping Gift Supports Supply Chain Management Program at FAU,OTHER,0.0742,OTHER,0.0313
332,ko,OTHER,"""수소로 공급망 리스크 대응""…현대차그룹, 로테르담서 글로벌 표준 논의",OTHER,0.5957,OTHER,0.4952
333,en,OTHER,Ford CEO Jim Farley says the secret to climbing the corporate ladder flows through this department—and Tim Cook is proof it works,NATURAL_DISASTER,0.7455,NATURAL_DISASTER,0.5697
334,ko,SUPPLIER,비료 공급망 차질 위험에 대응합니다.,GEOPOLITICAL,0.7112,GEOPOLITICAL,0.6837
335,en,OTHER,‘Ascend’ to New Heights in Strategic Supply Chain Management,OTHER,0.0807,OTHER,0.0373
336,en,GEOPOLITICAL,Iran War: Why Fuel Crisis Paralysed Ireland's Supply Chain,GEOPOLITICAL,0.9447,GEOPOLITICAL,0.9469
337,en,OTHER,"Stop moving boxes, start moving dollars: The new math of global supply chain velocity",OTHER,0.2032,OTHER,0.0853
338,ko,GEOPOLITICAL,글로벌 핵심광물 수출규제 5배 급증…커지는 공급망 불안,GEOPOLITICAL,0.8611,GEOPOLITICAL,0.8516
339,en,OTHER,Air Lift Co. Names New Executive VP of Global Supply Chain & More,OTHER,0.1865,OTHER,0.0863
340,en,LABOR,"Senate report urges action to prevent supply chain disruptions from rail, port strikes",OTHER,0.6306,LOGISTICS,0.5236
341,en,OTHER,Trump moves to blacklist Anthropic AI from all government work,OTHER,0.0954,OTHER,0.0311
342,en,GEOPOLITICAL,Supply Chain News Roundup: Tariffs Are Still Here and Changing,GEOPOLITICAL,0.7254,GEOPOLITICAL,0.6906
343,ko,OTHER,"엠로, 가트너 공급망 행사서 에이전틱 AI 기반 구매 솔루션 공개",OTHER,0.3047,OTHER,0.2005
344,ko,GEOPOLITICAL,"식약처, 중동 전쟁 공급망 리스크 대응…주사기·주사침 점검",GEOPOLITICAL,0.9157,GEOPOLITICAL,0.8799
345,ko,OTHER,"한-이탈리아, 통상환경 개선으로 첨단산업 공급망 시너지 본격화",OTHER,0.325,OTHER,0.2138
346,en,OTHER,Miasma npm Supply Chain Attack: Self-Spreading Worm via Phantom Gyp,OTHER,0.0881,OTHER,0.0377
347,ko,OTHER,"스패로우, 'SAI 2026' 성료…AI 시대 SBOM 기반 SW 공급망 보안 전략 제시",OTHER,0.1381,OTHER,0.0671
348,en,OTHER,International Grains Council: Facilitating Trade in Grains Value Chain,GEOPOLITICAL,0.6526,GEOPOLITICAL,0.6132
349,en,OTHER,OpenAI Warns Mac Users to Update Apps After Supply-Chain Attack,OTHER,0.1325,OTHER,0.0619
350,ko,OTHER,"김용범, ‘K-AI 공급망’ 프로젝트 트리니티 제시…거점으로 '호남' 부상",OTHER,0.2446,OTHER,0.1466
351,en,OTHER,Supply chain resilience: Safeguarding economic surety amid global uncertainty,OTHER,0.2509,OTHER,0.1433
352,en,GEOPOLITICAL,Baltic MROs Tighten Supply Chains Amid Geopolitical Pressure,GEOPOLITICAL,0.769,GEOPOLITICAL,0.7134
353,en,LOGISTICS,2025 Container Port Performance Index Links Port Efficiency to Global Supply Chain Stability,OTHER,0.1973,OTHER,0.1103
354,en,GEOPOLITICAL,Geopolitical risk in pharmaceutical supply chains in 2026,GEOPOLITICAL,0.7491,GEOPOLITICAL,0.666
355,ko,GEOPOLITICAL,"외교부, '한-중동 포괄적 경제협력' 전담 TF 설치…'공급망 위기' 대응",GEOPOLITICAL,0.6138,GEOPOLITICAL,0.52
356,en,OTHER,Cheetah Net Supply Chain Service Inc. Announces Full Year 2025 Results and Provides Corporate Update,OTHER,0.1794,OTHER,0.0901
357,en,OTHER,Supply Chain and Logistics News Week of May 7th 2026,OTHER,0.4588,OTHER,0.2853
358,en,GEOPOLITICAL,Supply chain anxiety hits record highs as geopolitical risks and costs surge,GEOPOLITICAL,0.847,GEOPOLITICAL,0.837
359,ko,OTHER,"수출입은행, 사우디 아람코와 30억달러 규모 금융계약…공급망 안정성 강화",OTHER,0.4881,OTHER,0.4303
360,ko,OTHER,"[특징주] 화신정공, 보스턴다이나믹스 ‘아틀라스’ 공급망 편입 기대감에 연일 상한가",OTHER,0.3208,OTHER,0.2054
361,en,OTHER,Global Supply Chain Awards: The Digital Supply Chain Award,OTHER,0.1783,OTHER,0.0875
362,ko,OTHER,공급망 재편·CBAM 대응 전략 한자리에…중견기업 포럼 성료,OTHER,0.2191,OTHER,0.0977
363,ko,OTHER,"""글로벌 공급망, 인권실사 강화…중소 수출기업 대비해야""",OTHER,0.3123,OTHER,0.1781
364,ko,GEOPOLITICAL,[현장] 빙현지 산업연구원 연구원 “호르무즈發 공급망 쇼크···전쟁 끝나도 고비용 체제 지속”,GEOPOLITICAL,0.9314,GEOPOLITICAL,0.8919
365,en,OTHER,"Global Supply Chain Forum 2026: Building Resilient, Inclusive and Technology-Enabled Supply Chains: From Local Operations to Global Networks",OTHER,0.1178,OTHER,0.0493
366,en,OTHER,Business and process readiness for supply chain AI,OTHER,0.2138,OTHER,0.0978
367,en,OTHER,Decoding disruption to reshape manufacturing footprints,OTHER,0.5061,OTHER,0.4176
368,ko,OTHER,"[로펌라운지] 바른, 중견련과 공동으로 개최한 제2회 2026 중견기업 Scale-up 전략 포럼 성료",OTHER,0.1411,OTHER,0.0662
369,en,OTHER,How AI and Digital Twins Are Revolutionizing Global Supply Chain Management in 2026,OTHER,0.0635,OTHER,0.023
370,en,OTHER,Government Keynote: Supply Chain Resilience and Defense Readiness,OTHER,0.227,OTHER,0.1473
371,ko,OTHER,"재경부, 중앙亞 전문가 간담회…정상회의 앞두고 공급망·AI 협력 모색",OTHER,0.2069,OTHER,0.1275
372,en,SUPPLIER,"Sector plaudits for ofi, as major cocoa supply chain crisis continues",GEOPOLITICAL,0.8515,GEOPOLITICAL,0.8
373,ko,OTHER,"화학산업協, EU 전문가 초청 글로벌 특허·규제 동향 점검",OTHER,0.4588,OTHER,0.2991
374,ko,OTHER,[기고] 의료기기 공급망 위기 예방하려면,OTHER,0.5132,OTHER,0.3449
375,en,GEOPOLITICAL,Global Companies Face $25 Billion Hit as Iran War Drives Energy Shock and Supply Chain Crisis,GEOPOLITICAL,0.9714,GEOPOLITICAL,0.9833
376,en,OTHER,"Duke Energy names Katie Aittola as head of supply chain and real estate, and chief procurement officer",OTHER,0.2005,OTHER,0.093
377,en,OTHER,How globalization is being shaped by AI and regionalized supply chains,OTHER,0.052,OTHER,0.0155
378,ko,GEOPOLITICAL,[세계 식량안보 동향] 글로벌 공급망 불안에 24개국 식량 수출 제한,GEOPOLITICAL,0.7477,GEOPOLITICAL,0.6254
379,en,OTHER,Notepad++ secures update channel in wake of supply chain compromise,OTHER,0.1192,OTHER,0.046
380,en,OTHER,Cline CLI 2.3.0 Supply Chain Attack Installed OpenClaw on Developer Systems,OTHER,0.0851,OTHER,0.0356
381,en,GEOPOLITICAL,Strait of Hormuz Disruption: Managing Force Majeure and Supply Chain Risks,GEOPOLITICAL,0.7428,GEOPOLITICAL,0.7097
382,ko,GEOPOLITICAL,"원유發 공급망 차질에…日, 동남아 국가들에 15조원 금융지원(종합)",GEOPOLITICAL,0.9025,GEOPOLITICAL,0.9384
383,ko,OTHER,하파그로이드의 ZIM 인수와 글로벌 공급망 재편: 미 동부 노선 영향 및 리스크 분석 '이목 집중',GEOPOLITICAL,0.6956,GEOPOLITICAL,0.666
384,en,OTHER,Connections to expand Viet Nam’s supporting industry supply chain,OTHER,0.3181,OTHER,0.2228
385,ko,OTHER,"스패로우, ""AI 생성 코드 안전하게 관리해야""…SBOM 기반 SW 공급망 보안 전략 제시",OTHER,0.1402,OTHER,0.0673
386,en,LOGISTICS,"Maersk Latin America Market Update – June, 2026",LOGISTICS,0.9561,LOGISTICS,0.772
387,en,OTHER,Supply Chains Were Built to be Efficient. They Were Also Built to Break.,OTHER,0.2741,OTHER,0.1838
388,ko,OTHER,"BPA, 닝보 해상실크로드 포럼 참가… 글로벌 공급망 안정화 전략 소개",OTHER,0.2076,OTHER,0.1193
389,ko,OTHER,[기자수첩]100% 국산화라는 말,OTHER,0.4107,OTHER,0.3544
390,ko,OTHER,"'공급망 인권 리스크 점검'…아이에스동서, 협력사 행동규범 제정",OTHER,0.2566,OTHER,0.1354
391,ko,GEOPOLITICAL,현대 기술의 핵심 ‘희토류’...글로벌 공급망 재편 전쟁 시작됐다,GEOPOLITICAL,0.7198,GEOPOLITICAL,0.7208
392,ko,OTHER,"에코나인 서욱 대표, 공급망 대응 전략 제시…“ESG 평가, 연중 실시간 관리 체계로 진화”",OTHER,0.2323,OTHER,0.1462
393,ko,SUPPLIER,"현대모비스, 인도 부품 공장 화재…공급망 차질 우려",SUPPLIER,0.9483,SUPPLIER,0.8989
394,en,OTHER,University of New Haven and Creator of Cutting-Edge Platform Supporting U.S. Manufacturing Collaborate to Launch National Supply Chain Resiliency Hub in Connecticut,OTHER,0.1396,OTHER,0.0638
395,ko,OTHER,"캐나다 찾은 최윤범 고려아연 회장, 한-加 공급망 포럼 참석",OTHER,0.367,OTHER,0.2696
396,en,OTHER,Trimble roundtable focuses on supply chain resilience,OTHER,0.1426,OTHER,0.0773
397,en,GEOPOLITICAL,How Geopolitical Tensions in 2026 Are Reshaping Global Supply Chain Strategies,OTHER,0.4106,OTHER,0.3069
398,ko,OTHER,이차전지 동향과 글로벌 대응 방안 모두 모였다...전지기술심포지엄 열려,OTHER,0.5064,OTHER,0.3887
399,ko,OTHER,인·태 경제프레임워크 공급망 대응 네트워크 회의…공조 강화,OTHER,0.343,OTHER,0.1935
400,ko,FINANCIAL,이 대통령 “물가안정 최우선…모든 수단 동원해 원유 공급망 관리”,GEOPOLITICAL,0.6721,GEOPOLITICAL,0.516
401,en,OTHER,Eight out of 10 Supply Chain Risk Categories show Decline for 4th Quarter,OTHER,0.2518,OTHER,0.152
402,en,OTHER,Mother-And-Son Startup Secures Funding To Modernise Food Industry Crisis Management,GEOPOLITICAL,0.6591,GEOPOLITICAL,0.6266
403,ko,GEOPOLITICAL,전쟁 때마다 무너지나…중동 리스크로 드러난 韓 공급망,GEOPOLITICAL,0.9883,GEOPOLITICAL,0.9853
404,ko,OTHER,"“韓-베트남, 에너지안보 강화-공급망 안정 협력”",OTHER,0.3203,OTHER,0.2237
405,en,GEOPOLITICAL,Big Business This Week: The Great Iran War Supply Chain Disruption,GEOPOLITICAL,0.817,GEOPOLITICAL,0.6617
406,en,GEOPOLITICAL,Middle East construction: supply chain disruption is a design and delivery challenge,GEOPOLITICAL,0.8861,GEOPOLITICAL,0.8514
407,ko,OTHER,글로벌 공급망 이주노동 인권침해 확산…제조업 한국 공동 2위,OTHER,0.4566,OTHER,0.2827
408,en,OTHER,We need more diversified hubs for global trade resilience,OTHER,0.2566,OTHER,0.1652
409,en,OTHER,SOCAT launches RM15bil GDV industrial and supply chain hub in JS-SEZ,OTHER,0.1368,OTHER,0.068
410,ko,OTHER,"[로펌라운지] 바른, 중견련과 공동으로 개최한 '제2회?2026?중견기업?Scale-up?전략 포럼' 성료",OTHER,0.18,OTHER,0.0953
411,en,OTHER,Dell North America President Kyle Leciejewski On Why Dell Is ‘Uniquely Executing’ With Partners In Midst Of Supply Chain Crisis,SUPPLIER,0.8331,SUPPLIER,0.6277
412,en,OTHER,Corporate sustainability due diligence,NATURAL_DISASTER,0.743,NATURAL_DISASTER,0.5584
413,ko,OTHER,"부산항만공사, 닝보서 글로벌 공급망 안정 전략 공유…부산항-닝보저우산항 협력 확대",OTHER,0.4723,OTHER,0.3992
414,en,OTHER,Continuing to Scale Solutions aimed at Strengthening our Supply Chain and Creating Long Term Value,OTHER,0.2212,OTHER,0.1399
415,ko,GEOPOLITICAL,"[칼럼] 카자흐스탄·중동·체코와의 협력 확대, 에너지·핵심광물 공급망 안정의 새로운 축",GEOPOLITICAL,0.818,GEOPOLITICAL,0.7413
416,en,OTHER,Construction of an enterprise-level global supply chain database,OTHER,0.2071,OTHER,0.0986
417,en,OTHER,China's 2026 Supply Chain Expo to debut dedicated AI zone,OTHER,0.2301,OTHER,0.1531
418,en,OTHER,"ThreatsDay Bulletin June 2026: Miasma Supply Chain Worm Leak, Claude Code GitHub Action Vulnerability, AI Agent Phishing & Top Cyber Incidents",OTHER,0.1212,OTHER,0.0515
419,ko,OTHER,"한·EU, ‘공급망·에너지’ 협력 강화…고위급 경제대화 신설 추진",OTHER,0.19,OTHER,0.1131
420,en,OTHER,The Hidden Supply Chain Behind Every SpaceX Launch,OTHER,0.3489,OTHER,0.2473
421,ko,SUPPLIER,브라질 희토류 공급망 확대 '빨간불'…광산 규제기관 역량 부족에 발목 잡혀,GEOPOLITICAL,0.7069,GEOPOLITICAL,0.6376
422,en,GEOPOLITICAL,Rising grocery costs loom as Middle East conflicts disrupt supply chains - FoodNavigator-USA.com,GEOPOLITICAL,0.9538,GEOPOLITICAL,0.9615
423,en,OTHER,11 Ways to Manage Supply Chain Complexity,OTHER,0.3548,OTHER,0.2872
424,ko,LOGISTICS,호르무즈 해협 해상 운송 차질: 공급망 회복탄력성을 강화하는 세 가지 방법 | Marsh Korea,GEOPOLITICAL,0.6721,GEOPOLITICAL,0.6534
425,ko,OTHER,"부산항만공사, 중국 닝보서 해상물류 협력 강화… 공급망 안정화 비전 발표",OTHER,0.1803,OTHER,0.1033
426,ko,OTHER,글로벌 공급망 재편 속 제약바이오 지원책은,OTHER,0.5062,OTHER,0.2978
427,ko,LABOR,"외신, 삼성전자 파업 계획 긴급 타전…“세계 공급망 전체 위기”",LABOR,0.9943,LABOR,0.9467
428,en,OTHER,From crisis to confidence: How government agencies build resilient supply chains with advanced track and trace,OTHER,0.3747,OTHER,0.2689
429,ko,OTHER,"파미셀, 숨겨진 젠슨황 수혜주?…두산 통해 엔비디아 AI소재 공급망 편입",GEOPOLITICAL,0.6521,GEOPOLITICAL,0.6179
430,en,OTHER,Why Supply Chain Management Is One of the Most In-Demand Careers,OTHER,0.0856,OTHER,0.0408
431,en,OTHER,"DAEMON TOOLS supply chain attack ongoing since April, thousands affected [Update]",OTHER,0.2374,OTHER,0.1251
432,en,LOGISTICS,"Trump’s Transportation Secretary Sean P. Duffy Announces American Supply Chain Sovereignty Initiative to Move Freight Faster, Lowers Costs for American People | US Department of Transportation",OTHER,0.5233,OTHER,0.4487
433,ko,OTHER,"“中企, 공급망 위기 극복 역부족“ “협동조합 활성화, 공동대응 필요”",OTHER,0.4805,OTHER,0.3341
434,ko,GEOPOLITICAL,이란 전쟁發 공급망 충격…완성차 생산 원가 전방위 압박,GEOPOLITICAL,0.9601,GEOPOLITICAL,0.9546
435,ko,OTHER,"산업장관, 카자흐·중동·체코 순방⋯""공급망 확보·원전 협력 총력""",GEOPOLITICAL,0.5988,GEOPOLITICAL,0.5448
436,en,OTHER,FedEx Highlights AI and Data as Pillars for Saudi Supply Chain Resilience,OTHER,0.178,OTHER,0.0939
437,ko,GEOPOLITICAL,한중 경제공동위 개최…“희토류 등 공급망 관리 필요성 확인”,OTHER,0.416,OTHER,0.3545
438,en,OTHER,Packagist Supply Chain Attack Infects 8 Packages Using GitHub-Hosted Linux Malware,OTHER,0.112,OTHER,0.0548
439,en,OTHER,Why Climate Data is the Key to Supply Chain Resilience,OTHER,0.2357,OTHER,0.1602
440,en,OTHER,Solar Photovoltaics Supply Chain Review Report,OTHER,0.1588,OTHER,0.078
441,ko,OTHER,BYD 북미 상륙… GM·현대차 공급망 '균열',SUPPLIER,0.738,SUPPLIER,0.534
442,ko,OTHER,"고려아연, 글로벌 공급망 장벽 넘을 ‘ESG 고도화’ 시동",OTHER,0.3498,OTHER,0.2035
443,ko,LABOR,“삼성전자 총파업 >> 반도체 슈퍼사이클 첫 균열 신호” -> “파업이 멈춘 건 공장이 아니라 글로벌 신뢰였다” => “30만전자 문턱에서 터진 공급망 리스크의 본질”,LABOR,0.9917,LABOR,0.9452
444,ko,GEOPOLITICAL,“핵심광물 지역편중 심화…공급망 위기 빈번해질 수 있어”,OTHER,0.6321,GEOPOLITICAL,0.6587
445,en,OTHER,From Pilots to Resilience: Five Takeaways on Scaling AI in the Supply Chain,OTHER,0.0615,OTHER,0.023
446,en,GEOPOLITICAL,"Hormuz domino effect: How the Middle East crisis affects food, flights and global supply chains",GEOPOLITICAL,0.9551,GEOPOLITICAL,0.9674
447,ko,OTHER,"엠로 ""글로벌 에이전틱 AI 공급망관리 78조원 시장 공략""",OTHER,0.1117,OTHER,0.0381
448,ko,OTHER,"보호된 글: 기업 공급망 속 인권 침해, 이제는 법으로 막아야 합니다",OTHER,0.2725,OTHER,0.1288
449,ko,OTHER,공급망 균열에 발목 잡힌 AI 인프라 투자 붐,OTHER,0.3449,OTHER,0.2443
450,ko,OTHER,"엠로, 78조원 규모 AI 공급망 관리 시장 공략 본격화",OTHER,0.1398,OTHER,0.0596
451,ko,GEOPOLITICAL,"라이칭더 ""글로벌공급망 안정 위해 대만해협 평화·안정 수호""",OTHER,0.4436,OTHER,0.3208
452,en,OTHER,How global CEOs are navigating rising costs and supply chain disruption,OTHER,0.6181,OTHER,0.4125
453,ko,GEOPOLITICAL,"호르무즈 변수에 공급망 흔들…산업부, IPEF 공동 대응 모색",GEOPOLITICAL,0.8802,GEOPOLITICAL,0.884
454,en,GEOPOLITICAL,The Price of Uncertainty: How Trade Volatility Is Breaking Chemical Supply Chains,OTHER,0.3812,OTHER,0.3134
455,en,OTHER,Global Supply Chain Awards 2026 Entry Deadline Approaches,OTHER,0.1438,OTHER,0.0715
456,ko,LABOR,"삼성전자 노조 집회일 파운드리 야간생산 약 60% '뚝'…""공급망 차질 우려↑""",LABOR,0.978,LABOR,0.9786
457,ko,OTHER,"화학산업협회, ESG 리더십 세미나…""공급망 리스크 대응책 모색""",GEOPOLITICAL,0.7838,GEOPOLITICAL,0.6512
458,ko,GEOPOLITICAL,중동발 원자재 불안에 전남 의료계 '비상 대응'… 공급망 정밀 점검 > 뉴스,GEOPOLITICAL,0.9827,GEOPOLITICAL,0.9775
459,en,GEOPOLITICAL,Four Parts To This Crisis: Oil. Insurance. Supply Chains. Food. You Only Know About One – Analysis,GEOPOLITICAL,0.7312,GEOPOLITICAL,0.7039
460,ko,OTHER,"가스공사, 주배관 5346km 대동맥 운영...안정적 공급망 강화",OTHER,0.2054,OTHER,0.139
461,en,OTHER,Supply chain disruptions are back at 2022 levels – Statista,OTHER,0.3813,OTHER,0.2546
462,en,OTHER,"Global supply chain shocks are now a core Canadian underwriting risk, Zurich warns MGAs",OTHER,0.4404,OTHER,0.2737
463,en,OTHER,Continued pressure on global supply chains in May: GEP-S&P Global,OTHER,0.4924,OTHER,0.3171
464,ko,OTHER,"글로벌 공급망 재편·기술패권 경쟁 심화...""금융정책 정교화 필요""",OTHER,0.3013,OTHER,0.0958
465,en,OTHER,"Manufacturing supply chains, 2026 and beyond: turning volatility into long-term resilience",OTHER,0.2004,OTHER,0.1201
466,en,OTHER,The supply chain CEO,OTHER,0.1651,OTHER,0.076
467,en,GEOPOLITICAL,Silicon Valley insiders warn U.S. defense supply chain is unprepared for modern warfare,OTHER,0.2654,OTHER,0.1524
468,ko,GEOPOLITICAL,"산업부, 중동 전쟁 장기화에 따른 철강 공급망 점검 및 대응 논의",GEOPOLITICAL,0.9528,GEOPOLITICAL,0.9229
469,en,OTHER,Supply Chain LIVE: Mitigating Risk and Building Resilience,OTHER,0.1419,OTHER,0.045
470,en,OTHER,Can Mission Produce's Supply Chain Upgrades Drive Higher Returns?,OTHER,0.622,GEOPOLITICAL,0.5792
471,ko,OTHER,"'공급망 3중苦' 식품기업, 홈플러스 폐점까지 '사면초가'",OTHER,0.1673,OTHER,0.0648
472,en,OTHER,Roundtable Discussion | ORF & The Rockefeller Foundation Reconfiguring Resilient Supply Chains,OTHER,0.1806,OTHER,0.1017
473,ko,OTHER,"ASML CEO ""EU 반도체 공급망 개입은 금물…자생 기업 키워야""",OTHER,0.6352,SUPPLIER,0.5412
474,ko,OTHER,"김정관 산업장관, 카자흐·중동·체코 순방…에너지 공급망·원전 협력 점검",OTHER,0.5556,OTHER,0.4158
475,en,OTHER,SAP Launches Innovative Updates for Supply Chain Management,OTHER,0.0619,OTHER,0.0232
476,en,GEOPOLITICAL,Navigating Risks in Rare Earth Element (REE) Supply Chains,OTHER,0.3471,OTHER,0.1546
477,ko,GEOPOLITICAL,"李 ""공급망 네트워크 산업 경쟁력 좌우""…이탈리아 부총리 ""中 원자재 좌지우지, 대안 찾아야""(종합)",OTHER,0.4115,OTHER,0.279
478,en,SUPPLIER,"The Cathode Matrix: Managing the Supply of Nickel, Cobalt, Manganese & LFP",OTHER,0.4299,OTHER,0.3768
479,en,OTHER,The Year Ahead for Supply Chain Management,OTHER,0.1117,OTHER,0.0552
480,en,OTHER,How an online MIT course in supply chain management sparked a new career,OTHER,0.0915,OTHER,0.0433
481,en,OTHER,OpenAI asks macOS users to update after TanStack npm supply chain attack,OTHER,0.083,OTHER,0.0328
482,en,OTHER,OpenAI Urges macOS Users to Update After TanStack Supply Chain Attack Hits Signing Keys,OTHER,0.1759,OTHER,0.0941
483,en,OTHER,Reinventing the Life Sciences Supply Chain for Resilience and Growth,OTHER,0.1262,OTHER,0.0638
484,en,OTHER,PwC’s 2026 Digital Trends in Operations: How AI Reinvents Enterprise Performance,OTHER,0.0907,OTHER,0.0315
485,ko,OTHER,"안정적인 공급망 구축·물가안정…해수부, '김 수출 공급망 혁신방안' 발표",OTHER,0.4935,OTHER,0.4372
486,ko,OTHER,"한국국제물류협회, 글로벌 공급망 위기 돌파구로 'AX 혁신' 제시",OTHER,0.206,OTHER,0.0869
487,en,OTHER,Coty’s Supply Chain Transformation,OTHER,0.2185,OTHER,0.1314
488,en,OTHER,White House: Trump-Modi bilateral to focus on global security,OTHER,0.5735,OTHER,0.4248
489,en,OTHER,Former Walmart vet joins Target to oversee global supply chain,OTHER,0.2105,OTHER,0.1288
490,ko,OTHER,"수출입은행, 핵심광물 공급망 협력 논의",OTHER,0.5119,OTHER,0.4025
491,ko,GEOPOLITICAL,"캐나다, “USMCA 재협상 없다” 못박아… 韓 기업 공급망 리스크 비상",OTHER,0.5978,OTHER,0.4511
492,en,OTHER,5 Best Supply Chain Stocks to Buy in 2026,OTHER,0.2228,OTHER,0.13
493,ko,OTHER,"고려아연, 캐나다서 북미 핵심광물 공급망 협력 확대 강조",GEOPOLITICAL,0.5721,OTHER,0.3912
494,en,OTHER,Grocery Outlet turns to AI to modernize supply chain,OTHER,0.1099,OTHER,0.0474
495,ko,OTHER,반도체 업계 2026 전략 키워드 '공급망 관리',OTHER,0.2799,OTHER,0.1322
496,en,OTHER,China Auto Update: XPENG to Build Localized Supply Chain Teams in Europe and ASEAN,OTHER,0.2966,OTHER,0.2381
497,en,OTHER,Your Supplier Relationships Can’t Outperform Your Own Operations,OTHER,0.2454,OTHER,0.1488
498,en,OTHER,Former CIA supply chain director describes of new paradigms in logistics support,OTHER,0.2664,OTHER,0.1628
499,en,OTHER,"Ladybug Resource Group, Inc. Launches AI-Driven ""Smart Supply Chain Hub,"" Redefining Global Sourcing for Non-Standard Industrial Components",OTHER,0.2801,OTHER,0.1833
500,en,GEOPOLITICAL,Lingering West Asia crisis may hit delivery of 5.40 lakh houses in India: ANAROCK,GEOPOLITICAL,0.7756,GEOPOLITICAL,0.7731
501,en,OTHER,"Global Cosmetics News – Weekly Review | Week 24, June 2026",LOGISTICS,0.7199,GEOPOLITICAL,0.7408
502,en,OTHER,Memory semiconductor supply chain + Samsung,OTHER,0.2148,OTHER,0.1191
503,en,OTHER,How AI and Automation Are Transforming Global Supply Chain Operations in 2026,OTHER,0.1265,OTHER,0.0466
504,ko,OTHER,"中서 APEC 통상장관회의…여한구 ""공급망 위기 힘 모으자""",OTHER,0.2518,OTHER,0.1374
505,en,OTHER,Working Capital Fund secures $31 million for its third supply chain resilience fund,OTHER,0.0995,OTHER,0.0394
506,ko,OTHER,"중국 뚫고 세계로… 엘앤씨바이오, 인체 조직 이식재 공급망 확장 속도전",OTHER,0.6416,GEOPOLITICAL,0.6595
507,ko,OTHER,"한-이탈리아, 첨단산업 공급망 협력 강화 나선다",OTHER,0.1877,OTHER,0.1042
508,ko,OTHER,"'공급망관리 달인' 애플, 불량 칩 안 버리는 이유",OTHER,0.1217,OTHER,0.0397
509,ko,LABOR,“파업은 구조적 리스크”…포럼서 제기된 삼성전자 ‘공급망 안정’ 필요성,LABOR,0.9533,LABOR,0.9055
510,en,GEOPOLITICAL,MIDDLE EAST WAR DRIVES GLOBAL SUPPLY CHAIN PRESSURES TO A THREE-YEAR HIGH: GEP GLOBAL SUPPLY CHAIN VOLATILITY INDEX,GEOPOLITICAL,0.9022,GEOPOLITICAL,0.8267
511,en,OTHER,"TanStack Supply Chain Attack Hits Two OpenAI Employee Devices, Forces macOS Updates",OTHER,0.1887,OTHER,0.1196
512,ko,GEOPOLITICAL,"“미·중 사이에 낀 한국·EU, 국방·공급망 연대해야”",OTHER,0.4263,OTHER,0.2807
513,ko,GEOPOLITICAL,[테마시황] 중동 지정학적 리스크 재점화 및 공급망 불안... 구리·원자재·해운 테마 강세,GEOPOLITICAL,0.983,GEOPOLITICAL,0.9813
514,en,GEOPOLITICAL,Where the Iran War Could Disrupt Pharmaceutical Supply Chains,GEOPOLITICAL,0.9761,GEOPOLITICAL,0.9743
515,ko,OTHER,"""관세·공급망 등 글로벌 경제 파장 고려…대결보다 리스크 관리 방점""",OTHER,0.4121,OTHER,0.2887
516,ko,GEOPOLITICAL,"美, 알리바바·BYD까지 겨눴다…'1260H 확대'에 흔들리는 K-공급망",OTHER,0.6995,SUPPLIER,0.656
517,en,GEOPOLITICAL,Iran Crisis and Russia War Reshape Global Supply Chains,GEOPOLITICAL,0.9404,GEOPOLITICAL,0.9225
518,en,OTHER,npm Adds 2FA-Gated Publishing and Package Install Controls Against Supply Chain Attacks,OTHER,0.1077,OTHER,0.0521
519,en,GEOPOLITICAL,Strait of Hormuz: 6 Experts Have Say on Supply Chain Crisis,GEOPOLITICAL,0.964,GEOPOLITICAL,0.962
520,ko,OTHER,"현대글로비스, 유럽 완성차 공급망 허브 구축",OTHER,0.4827,OTHER,0.4524
521,ko,OTHER,"공급망 위기에 석유화학공장 찾은 金총리…""차질없는 생산"" 당부",SUPPLIER,0.8312,SUPPLIER,0.6968
522,ko,OTHER,"공급망관리 SW기업 엠로, 조상원 신임 대표 내정",OTHER,0.0793,OTHER,0.0264
523,ko,SUPPLIER,"전력 기자재 수급 불안 커지자…기후부, 변압기·전선 공급망 점검",GEOPOLITICAL,0.7858,GEOPOLITICAL,0.7754
524,en,GEOPOLITICAL,Global Energy Markets in Crisis as War Chokes Supply Chains,GEOPOLITICAL,0.9379,GEOPOLITICAL,0.9525
525,ko,LABOR,"외신 '삼전 파업'에 ""세계 공급망 위기""…'제한적 영향' 진단도(종합)",LABOR,0.8796,LABOR,0.7848
526,en,LOGISTICS,"Weekly U.S. Freight and Supply Chain Report – May 26, 2026 | BTS Data - News and Statistics",LOGISTICS,0.7117,LOGISTICS,0.5673
527,en,OTHER,India Inc's new supply chain strategy: Replacing efficiency with resilience,OTHER,0.2032,OTHER,0.1255
528,en,OTHER,OpenAI Tells Mac Users to Update Apps After Software Supply Chain Attack,OTHER,0.0712,OTHER,0.0267
529,ko,OTHER,"[산자부] 한-인니, 배터리 공급망 협력 지속 확대키로",OTHER,0.2187,OTHER,0.1021
530,ko,OTHER,"“AI 시대 전력안보 함께 지킨다”…한미, 전력망·ESS·공급망 동맹 확대",OTHER,0.4306,OTHER,0.2456
531,en,GEOPOLITICAL,UK Tests Supply Chain Resilience Under Simulated Wartime Pressure,OTHER,0.099,OTHER,0.0467
532,en,OTHER,Supply chain shocks fuel push for more resilience,OTHER,0.3511,OTHER,0.2347
533,en,OTHER,Supply & Demand,OTHER,0.4372,OTHER,0.3538
534,en,SUPPLIER,Why Drug Shortages Are Lasting Longer Than Ever: Expert Insights on Supply Chain Risks,OTHER,0.2518,OTHER,0.152
535,en,OTHER,Watch: How AI Platforms Enable Supply Chain Resilience and Orchestration,OTHER,0.083,OTHER,0.0362
536,ko,GEOPOLITICAL,"중동 리스크 속 중국의 선제 대응, 글로벌 공급망 다시 긴장",GEOPOLITICAL,0.9863,GEOPOLITICAL,0.9723
537,ko,OTHER,"엔트로픽 '미토스' 충격…과기부, 제로트러스트·공급망 보안 점검",OTHER,0.4993,OTHER,0.4307
538,ko,OTHER,"법제처, 공급망 안정법 시행 앞두고 ‘찾아가는 법제심사’…조기경보시스템 작동 점검",OTHER,0.5971,OTHER,0.4599
539,ko,GEOPOLITICAL,WF₆ 공급망 '사실상 마비'… 중국 텅스텐 보복에 일본 소재 라인 셧다운 위기,GEOPOLITICAL,0.6382,GEOPOLITICAL,0.6213
540,ko,OTHER,"최윤범, 캐나다서 핵심광물 협력 논의…""고려아연이 공급망 핵심으로""",OTHER,0.4758,OTHER,0.2682
541,en,OTHER,Tracing Social Impacts Across Company Supply Chains,SUPPLIER,0.6507,OTHER,0.3818
542,ko,GEOPOLITICAL,"한일, 원유·석유제품 공급차질시 빌려준다…“공급망 위기 공동대응”",OTHER,0.5927,GEOPOLITICAL,0.5316
543,en,LOGISTICS,How UAE food supplies stayed moving during shipping disruption,OTHER,0.4897,OTHER,0.3691
544,en,OTHER,The Biggest Supply Chain Risks of 2026 (and how to navigate them),OTHER,0.4008,OTHER,0.2582
545,en,OTHER,Trust No Skill: Integrity Verification for AI Agent Supply Chains,OTHER,0.074,OTHER,0.026
546,ko,OTHER,김 공급망 혁신…2030년 수출 18억 달러 목표,OTHER,0.3837,OTHER,0.263
547,en,OTHER,Complying With Canada’s Fighting Against Forced Labour and Child Labour in Supply Chains Act – Updates from Public Safety Canada’s Winter 2026 Bulletin,OTHER,0.2576,OTHER,0.1668
548,ko,OTHER,"스패로우, AI 시대 SW 공급망 보안 전략 제시",OTHER,0.1313,OTHER,0.0584
549,en,OTHER,Supply chain platform wins undergraduate track at the 2026 Be Your Own Boss Bowl,OTHER,0.1559,OTHER,0.0766
550,ko,OTHER,"한국광해광업공단, ‘2026 글로벌 배터리 광물 세미나’ 개최",OTHER,0.2963,OTHER,0.1752
551,ko,OTHER,"""한국이 휴머노이드 공급망 중심""…HL만도 상한가",OTHER,0.2851,OTHER,0.1417
552,en,OTHER,How AI Reshapes Global Supply Chain Sustainability,OTHER,0.096,OTHER,0.0356
553,en,OTHER,How AI Is Rewriting Supply Chains: Inside Blue Yonder’s Transformation Strategy,OTHER,0.0715,OTHER,0.0258
554,en,OTHER,Refueling Airpower: Tinker Engineers Enhance KC-135 Supply Chain Resilience [Image 1 of 3],OTHER,0.0993,OTHER,0.053
555,ko,OTHER,"정부, 비료 공급망 안전판 만든다…쌀처럼 '공공비축' 검토",OTHER,0.3266,OTHER,0.1772
556,ko,OTHER,"LS MnM, 지속가능성장경영보고서 발간…원료 공급망 강화",OTHER,0.2549,OTHER,0.1919
557,ko,OTHER,"엘에스웨어, '포세라 위드 블랙덕' 기능 고도화…SBOM·AI 개발 환경·공급망 보안 대응 강화",OTHER,0.2252,OTHER,0.1261
558,ko,OTHER,"산업부, 석유화학 공급망 점검…""핵심산업 차질 없도록 최우선 관리""",GEOPOLITICAL,0.7307,GEOPOLITICAL,0.665
559,en,OTHER,Disruption is the new supply chain normal,OTHER,0.2379,OTHER,0.1388
560,ko,OTHER,"광해공단, 배터리 광물 세미나 개최…핵심광물 정책동향 점검",OTHER,0.3909,OTHER,0.2683
561,en,OTHER,General Mills promotes company veteran to COO,OTHER,0.2501,OTHER,0.1609
562,en,OTHER,Nearshoring’s Business Case Strengthens Amid Supply Chain Volatility,OTHER,0.3152,OTHER,0.2371
563,ko,OTHER,"코스맥스, 원료 제안 프로세스 디지털화…글로벌 공급망 다변화 가속",GEOPOLITICAL,0.6619,GEOPOLITICAL,0.6153
564,en,GEOPOLITICAL,"The Strait of Hormuz crisis will ripple across plastics and food supply chains, helping Beijing and Moscow, hurting Americans",GEOPOLITICAL,0.9487,GEOPOLITICAL,0.9284
565,ko,OTHER,"외교부, 아세안지역 공관장 회의 열어 공급망 협력 점검",OTHER,0.1851,OTHER,0.0708
566,ko,FINANCIAL,"현대硏 ""고유가 장기화…사업계획 재수립·공급망 다변화 필요""",OTHER,0.4592,OTHER,0.3609
567,en,OTHER,From thread to fabric: Flag company runs on 100% American supply chain,OTHER,0.2013,OTHER,0.1187
568,en,OTHER,How AI reinvents supply chain resilience,OTHER,0.0233,OTHER,0.0065
569,ko,GEOPOLITICAL,"안산상공회의소, 최고경영자 강연회 개최… “격변하는 중동 정세 속 냉정한 대응 필요해”",GEOPOLITICAL,0.9277,GEOPOLITICAL,0.8478
570,ko,OTHER,"[단독] 고영, 스페이스X 공급망 진입… 자율제조·3D 검사 기술로 우주·로봇 시장 개척 - 조선비즈",OTHER,0.2034,OTHER,0.101
571,en,LOGISTICS,"Introducing Amazon Supply Chain Services: Amazon’s logistics network, now open to every business",OTHER,0.236,OTHER,0.1545
572,en,OTHER,Could biotech find a sweet spot for cocoa supply chain resilience?,OTHER,0.0993,OTHER,0.053
573,en,OTHER,OpenAI’s Mac apps need updates thanks to the Axios hack,OTHER,0.2388,OTHER,0.1409
574,en,OTHER,"Hegseth declares Anthropic a supply chain risk, restricting military contractors from doing business with AI giant",OTHER,0.1444,OTHER,0.0458
575,en,OTHER,Supply Chain Management Alum Lands Job in New York,OTHER,0.0624,OTHER,0.0277
576,ko,OTHER,"인도 發 자동차 공급망 재편 주목, 우리 물류기업도 기회",OTHER,0.5577,OTHER,0.4103
577,en,FINANCIAL,How supply chain disruptions are driving up inflation and how we can deal with this,OTHER,0.2985,OTHER,0.1705
578,en,LOGISTICS,"Ocean shippers frontload cargo ahead of tariffs, fuel concerns",GEOPOLITICAL,0.8337,GEOPOLITICAL,0.8103
579,en,LOGISTICS,"IMEA Market Update: Reliability Gains, Red Sea Progress and Seasonal Outlook",LOGISTICS,0.9055,LOGISTICS,0.8003
580,en,OTHER,Digital supply chain transformation improves corporate carbon emission efficiency in Chinese listed companies,OTHER,0.1817,OTHER,0.0949
581,ko,GEOPOLITICAL,"중동 리스크 상시화··· 총수들, ‘글로벌 공급망·투자’ 전면 개편 드라이브",GEOPOLITICAL,0.8914,GEOPOLITICAL,0.8528
582,en,SUPPLIER,Fears rise over massive Tracy warehouse fire impacting medical supply chain,SUPPLIER,0.9351,SUPPLIER,0.7702
583,en,OTHER,Supply chain risk: New developments in corporate human rights responsibility,OTHER,0.3044,OTHER,0.1412
584,en,OTHER,Allianz Risk Barometer 2026 - Business interruption,OTHER,0.5457,GEOPOLITICAL,0.5118
585,en,GEOPOLITICAL,"Iran war unlikely to trigger global supply chain crisis, Goldman Sachs says",GEOPOLITICAL,0.9685,GEOPOLITICAL,0.9721
586,ko,LOGISTICS,"[칼럼]거세지는 글로벌 공급망 위기, ‘북극항로’에서 길을 찾다",OTHER,0.4473,OTHER,0.3019
587,en,OTHER,Spinneys Q1 2026 slides: 12% revenue growth amid supply chain crisis,SUPPLIER,0.8682,SUPPLIER,0.7752
588,en,OTHER,What’s happening this week in economics?,OTHER,0.4416,OTHER,0.3845
589,ko,GEOPOLITICAL,"전쟁 100일, 한국 기업들 '탈중동 공급망' 시작됐다 [중동전 100일, 그후]",GEOPOLITICAL,0.9342,GEOPOLITICAL,0.8745
590,en,OTHER,Inside Haleon's Indian Healthcare Supply Chain Expansion,OTHER,0.186,OTHER,0.0966
591,en,OTHER,Securing Global Supply Chains From the Chip Up,OTHER,0.4767,OTHER,0.4393
592,en,OTHER,Malicious PyTorch Lightning update hits AI supply chain security,OTHER,0.3322,OTHER,0.183
593,ko,OTHER,"김용범 “반도체·전력·제조 갖춘 한국, AI 공급망 거점으로”",OTHER,0.3873,OTHER,0.1966
594,en,GEOPOLITICAL,The 2026 supply chain challenge: Global trade disruption,OTHER,0.3414,OTHER,0.2274
595,ko,GEOPOLITICAL,중동 변수에 흔들리는 건설자재 시장…국토부 “공급망 점검·가격 안정 총력”,GEOPOLITICAL,0.7298,GEOPOLITICAL,0.7146
596,ko,OTHER,"엔켐, CATL향 전해액 출하 점검…AI 데이터센터 확산 맞춰 공급망 강화",OTHER,0.3355,OTHER,0.2305
597,en,GEOPOLITICAL,"Navigating Geopolitical Event Risk: A Practical Framework for Credit, Market and Supply Chain Exposures",GEOPOLITICAL,0.8708,GEOPOLITICAL,0.9001
598,ko,GEOPOLITICAL,"韓日, 원유·LNG 비상 스와프 체계 구축키로… “공급망 위기 공동 대응” - 조선비즈",OTHER,0.5449,OTHER,0.4726
599,ko,OTHER,"기획처·중장기위, '미래성장·경제안보·공급망' 전략 논의",OTHER,0.1919,OTHER,0.0753
600,ko,OTHER,"공급망 재편의 파고, 한국 기업이 선택해야 할 전략",OTHER,0.3271,OTHER,0.1364
601,en,OTHER,"Trivy Compromised by ""TeamPCP""",OTHER,0.3238,OTHER,0.2419
602,ko,OTHER,공급망 위기 속 GR 인증 재조명…“K-GX 견인차로 육성 필요”,OTHER,0.453,OTHER,0.2619
603,ko,SUPPLIER,"현대차 4월 판매, 공급망 암초",OTHER,0.6266,LOGISTICS,0.5003
604,ko,SUPPLIER,현대모비스 인도 공장 화재 … 공급망 차질 불가피,SUPPLIER,0.9433,SUPPLIER,0.8194
605,en,OTHER,5 truths that will redefine interconnected supply chain management,OTHER,0.0831,OTHER,0.0362
606,ko,GEOPOLITICAL,"“호르무즈발 리스크 한눈에”…KMI, 공급망 AI 일일 브리핑 공개",GEOPOLITICAL,0.9209,GEOPOLITICAL,0.9254
607,ko,OTHER,"[ESG 칼럼] 글로벌 공급망 뉴 노멀, 'EcoVadis'가 바이어 선택을 좌우하는 이유",OTHER,0.3777,OTHER,0.2422
608,ko,OTHER,AI 시대 소프트웨어 공급망 보안도 진화한다…스패로우 전략은?,OTHER,0.1618,OTHER,0.0727
609,ko,OTHER,[길 잃은 가스公] 설비 70%가 놀고 있다…공급망 리스크 대응되나,GEOPOLITICAL,0.6689,OTHER,0.4991
610,ko,GEOPOLITICAL,"한-캐나다 외교장관 통화‥""호르무즈 통항·공급망 안정 위해 협력키로""",OTHER,0.3175,OTHER,0.198
611,ko,OTHER,"최윤범 고려아연 회장, 미국 테네시 ‘프로젝트 크루서블’ 현장 재점검…한미 공급망 협력 강화",OTHER,0.0525,OTHER,0.0138
612,ko,OTHER,"글로벌 공급망 위기 대응…산단공, 산단 ESG 현장 밀착 지원 강화 - 머니투데이",OTHER,0.6022,GEOPOLITICAL,0.5276
613,en,LOGISTICS,"Above the Fold: Supply Chain Logistics News (June 5, 2026)",LOGISTICS,0.9281,LOGISTICS,0.5308
614,ko,OTHER,"[AT 현장]""효율적 SCM 위해 기업별 맞춤형 AI 적용 필요""",OTHER,0.2324,OTHER,0.1028
615,en,GEOPOLITICAL,Iran crisis bites into Malaysia’s supply chain as fuel subsidy cap falls,GEOPOLITICAL,0.8978,GEOPOLITICAL,0.8918
616,ko,GEOPOLITICAL,"李대통령 ""중동 위기 속 공급망 안정 위해 폴란드와 협력""",GEOPOLITICAL,0.7839,GEOPOLITICAL,0.8047
617,ko,GEOPOLITICAL,중동 전쟁 여파에 ICT 공급망 우려…정부 긴급 점검,GEOPOLITICAL,0.9534,GEOPOLITICAL,0.9767
618,ko,OTHER,"[ESG포커스] 삼성물산, ESG 'A+'…탄소감축·공급망 관리 경쟁력 부각",OTHER,0.3255,OTHER,0.1972
619,ko,GEOPOLITICAL,"핵심 광물 공급망, 새로운 글로벌 경제 전쟁",GEOPOLITICAL,0.9154,GEOPOLITICAL,0.9028
620,en,OTHER,10 Highest-Paying Jobs in Supply Chain Management,OTHER,0.0562,OTHER,0.0245
621,en,GEOPOLITICAL,"Recession, stagflation, growth: 3 ways Iran supply chain chaos will hit the US economy",GEOPOLITICAL,0.6405,GEOPOLITICAL,0.5329
622,en,OTHER,Supply unchained: How to best enable the new era of supply chains,OTHER,0.1758,OTHER,0.106
623,ko,FINANCIAL,"전북자치도, 사료 가격·공급망 점검…축산농가 부담 대응",GEOPOLITICAL,0.7468,GEOPOLITICAL,0.5964
624,ko,LABOR,韓 제조업 덮치는 ‘하투’ 공포 … 공급망 차질 넘어 투자 리스크까지 번지나,GEOPOLITICAL,0.7282,GEOPOLITICAL,0.6714
625,ko,GEOPOLITICAL,중동 리스크에 흔들린 증시… 기술력 갖춘 K-바이오는 견조,GEOPOLITICAL,0.9586,GEOPOLITICAL,0.9569
626,ko,OTHER,"위밋모빌리티, 농산물 물류기기 통합관리시스템 구축 사업자 선정..농산물 공급 디지털 통합 관리 체계 구축",OTHER,0.2034,OTHER,0.1175
627,en,OTHER,Automotive’s road to supply chain resilience,OTHER,0.0601,OTHER,0.0225
628,ko,OTHER,"산업부, EU와 공급망산업정책대화…협력현황 점검·후속대책 논의",OTHER,0.308,OTHER,0.1702
629,ko,OTHER,"""아프리카 공급망, '팀 코리아'로 뚫자""…전직 대사들 현장 제언",OTHER,0.1817,OTHER,0.0836
630,en,OTHER,symplr Survey Reveals Healthcare Supply Chain Leaders Face a Dual Crisis as Disruptions Persist and Cost Pressures Intensify,GEOPOLITICAL,0.7341,GEOPOLITICAL,0.7203
631,en,OTHER,Intel Project Firefly Taps Phone Supply Chain For Sub-$600 Wildcat Lake Laptops,OTHER,0.1651,OTHER,0.076
632,ko,LABOR,"[이슈 직썰] 삼성전자 노사, 성과급 막판 조정…글로벌 공급망도 촉각",LABOR,0.9277,LABOR,0.8213
633,en,OTHER,Step 2: Assess Risks and Impacts,SUPPLIER,0.8222,SUPPLIER,0.6365
634,ko,OTHER,"에코프로, 인니 니켈 공급망에 1200억…지분율 기반 물량 확보",SUPPLIER,0.6733,SUPPLIER,0.5831
635,ko,OTHER,"정부, 유럽 첨단기업 2500억 투자 유치…디지털·공급망 협력 확대",OTHER,0.112,OTHER,0.0479
636,en,SUPPLIER,South Korea's defense chips 99% import-dependent as photonic supply chain crisis looms,GEOPOLITICAL,0.8983,GEOPOLITICAL,0.9135
637,ko,OTHER,"국방장관, LIG D&A 현장방문…중동 방산 공급망 점검",GEOPOLITICAL,0.6354,OTHER,0.4589
638,en,OTHER,GitHub to Update npm to Thwart Software Supply Chain Attacks,OTHER,0.0658,OTHER,0.0233
639,en,OTHER,"ITE Tech wins design slots in US AI computing platform, raising global PC supply chain stakes",OTHER,0.0834,OTHER,0.0293
640,ko,OTHER,"“공급망관리 전략 이익 창출 유지”…무신사, 1분기 영업익 190억원",OTHER,0.2037,OTHER,0.0882
641,ko,FINANCIAL,"신현송 ""종전해도 에너지 공급망 정상화 국제유가 안정에 상당기간 걸릴 것""",OTHER,0.4541,OTHER,0.3497
642,ko,OTHER,"김정관 산업장관, G7 핵심광물 장관회의 참석…""공급망 안정 국제협력 강화해야""",OTHER,0.3734,OTHER,0.2577
643,en,OTHER,Resilient by design: The agentic supply chain,OTHER,0.237,OTHER,0.1491
644,en,SUPPLIER,Massive Tracy warehouse fire impacts medical supply chain,SUPPLIER,0.926,SUPPLIER,0.7511
645,en,OTHER,Development of Supply Chain Digital Rehearsal Technology for Medium- to Long-Term Supply Chain Strategy Planning to Prepare for Various Uncertainties,OTHER,0.246,OTHER,0.1591
646,ko,SUPPLIER,"'K-전력망' 공급망 경보... 기후부, 변압기·전선 업계와 긴급 점검",OTHER,0.3741,OTHER,0.2535
647,en,OTHER,"What the Latest IEA Update Says About Energy Risk, Supply Chains, and Industrial Strategy",OTHER,0.3475,OTHER,0.2548
648,ko,OTHER,"김정관 장관, 카자흐 산업·에너지 장관 잇따라 면담…공급망·에너지 협력 점검",OTHER,0.2338,OTHER,0.1239
649,ko,OTHER,위기대응...무기질 비료의 공급망관리 시스템을 구축하자,OTHER,0.3165,OTHER,0.2075
650,en,OTHER,Wipro at Blue Yonder ICON 2026 for Supply Chain Transformation,OTHER,0.1777,OTHER,0.0958
651,ko,OTHER,"스패로우, 'SAI 2026' 성료…AI시대 SW 공급망 보안 전략 제시",OTHER,0.1313,OTHER,0.0584
652,ko,OTHER,"공급망 가시성 38%…회복탄력성 격차, 기업 경쟁력 가른다",OTHER,0.2984,OTHER,0.1623
653,ko,OTHER,"고려아연, 2026년 제1차 지속가능경영 추진위 개최…ESG 공시·공급망 관리 점검",OTHER,0.1413,OTHER,0.0523
654,ko,OTHER,"위성락, 싱가포르 외교장관 면담…공급망 위기 협력",OTHER,0.4222,OTHER,0.3848
655,en,GEOPOLITICAL,The effects of geopolitical supply chain shocks on policy preferences of firms,OTHER,0.5803,OTHER,0.4978
656,en,OTHER,Toyota Still Sets the Standard for Supply Chain Resilience,OTHER,0.0993,OTHER,0.053
657,en,GEOPOLITICAL,Chip industry hit by Nexperia export ban,GEOPOLITICAL,0.6138,GEOPOLITICAL,0.6107
658,ko,OTHER,"유럽, 의약품 공급망·희귀질환 규제 동시 손질…조기 접근성과 안전관리 병행",OTHER,0.2066,OTHER,0.0997
659,ko,GEOPOLITICAL,중동전쟁 여파...ICT 공급망 상황실 운영,GEOPOLITICAL,0.8817,GEOPOLITICAL,0.8186
660,en,OTHER,The Home Depot Acquires SIMPL Automation to Accelerate Supply Chain Automation and Enhance Customer Delivery Experience,OTHER,0.1651,OTHER,0.076
661,ko,GEOPOLITICAL,"李, 폴란드 총리와 방산 파트너십 공감대...""중동 대응 공급망 안정 협력""",GEOPOLITICAL,0.5791,OTHER,0.4639
662,en,OTHER,Does Vestis’ New Commercial and Supply Chain Leadership Reshape Its Strategic Execution Story (VSTS)?,OTHER,0.1669,OTHER,0.0929
663,en,GEOPOLITICAL,Australia Enhances Energy Security Framework with Large-Scale Fuel Reserve Increase to Counter Risks from Global Geopolitical and Supply Chain Disruptions,FINANCIAL,0.8519,FINANCIAL,0.7538
664,ko,OTHER,젠슨 황 “한국 기업과 AI 공급망 강화”,OTHER,0.2591,OTHER,0.1369
665,ko,OTHER,"안규백, '천궁-Ⅱ' 생산 LIG D&A 방문…방산 공급망 점검",OTHER,0.5783,OTHER,0.4304
666,ko,OTHER,"김용범 ""韓, AI 공급망 거점 될 기회""…'프로젝트 트리니티' 구상 제안",OTHER,0.2838,OTHER,0.1837
667,ko,GEOPOLITICAL,전쟁과 공급망 재편 속…글로벌서 생산적금융 키우는 'K금융' - 머니투데이,OTHER,0.6794,GEOPOLITICAL,0.6949
668,ko,GEOPOLITICAL,이란 전쟁 여파에 황산·경유 부족…광물 채굴도 위축,GEOPOLITICAL,0.8869,GEOPOLITICAL,0.9109
669,ko,OTHER,中 LFP 공세에 K배터리도 참전…승부처는 품질·공급망,OTHER,0.31,OTHER,0.1954
670,en,OTHER,Pentagon formally designates Anthropic a supply-chain risk,OTHER,0.3522,OTHER,0.1974
671,ko,OTHER,"조달청, 새만금 신항 아스콘 공급망 현장 점검...안정적 사업 추진 지원",OTHER,0.3178,OTHER,0.2077
672,ko,NATURAL_DISASTER,필리핀 강진에 흔들린 K-수산물 공급망…참치·자숙문어 수급 비상,SUPPLIER,0.9325,SUPPLIER,0.9579
673,en,GEOPOLITICAL,Armed groups have penetrated global supply chains. Here's what businesses must do,OTHER,0.2656,OTHER,0.1758
674,en,OTHER,Data-Driven Sustainment: Leveraging Big Data and Predictive Analytics for Army Supply Chain Resilience,OTHER,0.2808,OTHER,0.1905
675,ko,LABOR,빅테크엔 없는 '삼성의 노조 리스크'…공급망 신뢰 흔들릴 판 [노조의 위험한 특권中],LABOR,0.9149,LABOR,0.9228
676,ko,OTHER,"법무법인 바른 · 한국중견기업연합회, 2026년 제2회 중견기업 Scale-up 전략 포럼",OTHER,0.1971,OTHER,0.1253
677,en,OTHER,"Supply chain resilience is vital, says executive",OTHER,0.1262,OTHER,0.0638
678,en,GEOPOLITICAL,"Tariff Heat Wave: Importers Face New Section 301 Proposals, Section 232 Risk and Heightened Customs Enforcement",GEOPOLITICAL,0.7245,GEOPOLITICAL,0.6771
679,ko,OTHER,경제안보시대의 공급망 재편 동향과 시사점,OTHER,0.1541,OTHER,0.0518
680,en,OTHER,Miasma: Supply Chain Attack Targeting RedHat npm Packages,OTHER,0.0919,OTHER,0.0407
681,en,OTHER,Why supply chain resilience is under the spotlight,OTHER,0.132,OTHER,0.0676
682,ko,OTHER,"김이탁 국토차관, 건자재 수급 현황 점검...""공급망 선제 관리""",SUPPLIER,0.6735,SUPPLIER,0.5382
683,ko,GEOPOLITICAL,"중국, 희토류 수출통제 유지…일본 공급망 우려 지속",GEOPOLITICAL,0.7184,GEOPOLITICAL,0.6896
684,ko,GEOPOLITICAL,"[컨콜] 삼성전자 ""중동전쟁, 공급망 차질 없어…반도체 생산 정상 가동 중""",LABOR,0.9834,LABOR,0.9549
685,ko,OTHER,"김정관 산업부 장관, 석유화학 생산 현장 점검…""공급망 단 하루 차질도 없도록""",OTHER,0.4283,OTHER,0.1714
686,ko,GEOPOLITICAL,"美 연준 ""글로벌 공급망 압박 이어져""…종전해도 복구 수개월",GEOPOLITICAL,0.6688,GEOPOLITICAL,0.6437
687,ko,OTHER,"FDA, 일본·베트남에 사무소 추진…아시아 공급망 관리 강화 신호",OTHER,0.313,OTHER,0.2301
688,ko,OTHER,[젠슨 황 릴레이 미팅] 엔비디아 '락인' 된 HBM 공급망…K 반도체 셈법은,OTHER,0.4944,OTHER,0.3533
689,ko,OTHER,셀트리온제약의 의약품 공급망 관리 강화를 위한 멀티 에이전트 시스템 구축 여정,OTHER,0.1675,OTHER,0.0868
690,en,OTHER,transport logistic Southeast Asia 2027 to spotlight supply chain resilience as global trade shifts,OTHER,0.3466,OTHER,0.2581
691,en,OTHER,Supply Chain Risk & Resilience in Healthcare,OTHER,0.1828,OTHER,0.0668
692,en,GEOPOLITICAL,"U.S.-Israel-Iranian conflict escalating global energy, supply chain crisis",GEOPOLITICAL,0.8702,GEOPOLITICAL,0.8772
693,ko,GEOPOLITICAL,"베트남, 2026년 수출 5,500억 달러 목표 ‘비상’… 중동 긴장에 공급망 리스크 확대",GEOPOLITICAL,0.93,GEOPOLITICAL,0.9394
694,ko,OTHER,"가스공사, 전국 5300km 가스망 확장…에너지 공급망 안정성 높인다",OTHER,0.4156,OTHER,0.2941
695,en,OTHER,Supply chain grad leverages WMU experiences into a career,OTHER,0.2067,OTHER,0.1311
696,ko,SUPPLIER,"현대모비스 인도 車부품 공장서 화재…""당분간 현지 공급망 차질 우려""",SUPPLIER,0.9483,SUPPLIER,0.8989
697,ko,OTHER,"김용범 ""한국, AI 공급망 거점 가능""",OTHER,0.1885,OTHER,0.0979
698,ko,OTHER,"한-EU, 2500억 투자 유치…'공급망·디지털 경제동맹' 강화",OTHER,0.323,OTHER,0.2213
699,ko,OTHER,"산업장관 ""공급망 단 하루도 차질 없게""…석유화학제품 생산현장 점검",OTHER,0.266,OTHER,0.1014
